{
	"format_version": "1.21.6",
	"credit": "Made with Blockbench",
	"parent": "minecraft:item/handheld",
	"textures": {
		"2": "item/copper_pickaxe",
		"particle": "item/copper_pickaxe"
	},
	"elements": [
		{
			"from": [6.75, 18, 6.85],
			"to": [9.25, 20.75, 9.15],
			"rotation": {"angle": 0, "axis": "y", "origin": [8, 14, 8]},
			"faces": {
				"north": {"uv": [1.5, 2, 2.5, 3], "texture": "#2"},
				"east": {"uv": [1.5, 2, 2.5, 3], "texture": "#2"},
				"south": {"uv": [1.5, 2, 2.5, 3], "texture": "#2"},
				"west": {"uv": [1.5, 2, 2.5, 3], "texture": "#2"},
				"up": {"uv": [13, 2, 12, 1], "texture": "#2"},
				"down": {"uv": [13, 1, 12, 2], "texture": "#2"}
			}
		},
		{
			"from": [6.5, -2.75, 6.6],
			"to": [9.5, 0.25, 9.6],
			"rotation": {"angle": 0, "axis": "y", "origin": [8, 5.4, 8]},
			"faces": {
				"north": {"uv": [14.5, 4, 16, 5.5], "texture": "#2"},
				"east": {"uv": [14.5, 4, 16, 5.5], "texture": "#2"},
				"south": {"uv": [14.5, 4, 16, 5.5], "texture": "#2"},
				"west": {"uv": [14.5, 4, 16, 5.5], "texture": "#2"},
				"up": {"uv": [16, 4, 14.5, 5.5], "texture": "#2"},
				"down": {"uv": [16, 4, 14.5, 5.5], "texture": "#2"}
			}
		},
		{
			"from": [7, 0.15, 7.1],
			"to": [9, 20.5, 8.9],
			"rotation": {"angle": 0, "axis": "y", "origin": [8, 5.5, 8]},
			"faces": {
				"north": {"uv": [5.5, 0, 6.5, 9], "texture": "#2"},
				"east": {"uv": [5.5, 9, 6.5, 0], "texture": "#2"},
				"south": {"uv": [5.5, 0, 6.5, 9], "texture": "#2"},
				"west": {"uv": [5.5, 9, 6.5, 0], "texture": "#2"},
				"up": {"uv": [10, 7, 9, 6], "texture": "#2"},
				"down": {"uv": [10, 6, 9, 7], "texture": "#2"}
			}
		},
		{
			"from": [5.15, -1.25, 7.35],
			"to": [11, 0.25, 8.65],
			"rotation": {"angle": 0, "axis": "y", "origin": [6.5, -0.5, 8]},
			"faces": {
				"north": {"uv": [6.5, 6, 7.5, 9], "rotation": 270, "texture": "#2"},
				"east": {"uv": [7.5, 5, 6.5, 4], "rotation": 90, "texture": "#2"},
				"south": {"uv": [6.5, 6, 7.5, 9], "rotation": 90, "texture": "#2"},
				"west": {"uv": [7.5, 4, 6.5, 5], "rotation": 90, "texture": "#2"},
				"up": {"uv": [6.5, 9, 7.5, 6], "rotation": 90, "texture": "#2"},
				"down": {"uv": [6.5, 9, 7.5, 6], "rotation": 90, "texture": "#2"}
			}
		},
		{
			"from": [4.6, 19, 7.85],
			"to": [8.2, 26, 8.15],
			"rotation": {"angle": -22.5, "axis": "y", "origin": [6.35, 22.5, 8]},
			"faces": {
				"north": {"uv": [13, 10, 16, 8.5], "rotation": 90, "texture": "#2"},
				"east": {"uv": [16, 8.5, 13, 9], "rotation": 270, "texture": "#2"},
				"south": {"uv": [16, 10, 13, 8.5], "rotation": 270, "texture": "#2"},
				"west": {"uv": [16, 8.5, 13, 8], "rotation": 270, "texture": "#2"},
				"up": {"uv": [8.5, 7.5, 9, 9], "rotation": 270, "texture": "#2"},
				"down": {"uv": [15.5, 0.5, 16, 2], "rotation": 270, "texture": "#2"}
			}
		},
		{
			"from": [7.8, 19, 7.85],
			"to": [11.4, 26, 8.15],
			"rotation": {"angle": 22.5, "axis": "y", "origin": [9.65, 22.5, 8]},
			"faces": {
				"north": {"uv": [13, 8.5, 16, 7], "rotation": 90, "texture": "#2"},
				"east": {"uv": [16, 8.5, 13, 9], "rotation": 270, "texture": "#2"},
				"south": {"uv": [16, 8.475, 13, 7], "rotation": 270, "texture": "#2"},
				"west": {"uv": [16, 8.5, 13, 8], "rotation": 270, "texture": "#2"},
				"up": {"uv": [8.5, 9, 9, 7.5], "rotation": 270, "texture": "#2"},
				"down": {"uv": [15.5, 2, 16, 0.5], "rotation": 270, "texture": "#2"}
			}
		},
		{
			"from": [5.8, 26, 7.85],
			"to": [8.2, 27, 8.15],
			"rotation": {"angle": -22.5, "axis": "y", "origin": [6.35, 29.5, 8]},
			"faces": {
				"north": {"uv": [12.5, 8.5, 13, 9.5], "rotation": 90, "texture": "#2"},
				"east": {"uv": [14, 7.5, 13.5, 8], "rotation": 270, "texture": "#2"},
				"south": {"uv": [13, 8.5, 12.5, 9.5], "rotation": 270, "texture": "#2"},
				"west": {"uv": [14, 7.5, 13.5, 7], "rotation": 270, "texture": "#2"},
				"up": {"uv": [8.5, 6, 9, 7], "rotation": 270, "texture": "#2"},
				"down": {"uv": [9, 0, 9.5, 3], "rotation": 270, "texture": "#2"}
			}
		},
		{
			"from": [7.8, 26, 7.85],
			"to": [10.2, 27, 8.15],
			"rotation": {"angle": 22.5, "axis": "y", "origin": [9.65, 29.5, 8]},
			"faces": {
				"north": {"uv": [12.5, 8.5, 13, 7.5], "rotation": 90, "texture": "#2"},
				"east": {"uv": [14, 7, 13.5, 7.5], "rotation": 270, "texture": "#2"},
				"south": {"uv": [13, 8.475, 12.5, 7.5], "rotation": 270, "texture": "#2"},
				"west": {"uv": [14, 8, 13.5, 7.5], "rotation": 270, "texture": "#2"},
				"up": {"uv": [8.5, 7, 9, 6], "rotation": 270, "texture": "#2"},
				"down": {"uv": [9, 3, 9.5, 0], "rotation": 270, "texture": "#2"}
			}
		},
		{
			"from": [6.9, 3.5, 6.95],
			"to": [9.1, 8.2, 9.05],
			"rotation": {"angle": 0, "axis": "y", "origin": [7.05, 1.5, 7]},
			"faces": {
				"north": {"uv": [10, 13.5, 11, 15.5], "texture": "#2"},
				"east": {"uv": [8.5, 13.5, 9.5, 15.5], "texture": "#2"},
				"south": {"uv": [11.5, 13.5, 12.5, 15.5], "texture": "#2"},
				"west": {"uv": [10.5, 13.5, 11.5, 15.5], "texture": "#2"},
				"up": {"uv": [5, 8.5, 4, 7.5], "texture": "#2"},
				"down": {"uv": [6, 7.5, 5, 8.5], "texture": "#2"}
			}
		},
		{
			"from": [6.8, 2.5, 6.85],
			"to": [9.2, 3.5, 9.15],
			"rotation": {"angle": 0, "axis": "y", "origin": [7.05, 1.5, 7]},
			"faces": {
				"north": {"uv": [15, 6.5, 16, 7], "texture": "#2"},
				"east": {"uv": [14, 6.5, 15, 7], "texture": "#2"},
				"south": {"uv": [15, 6.5, 16, 7], "texture": "#2"},
				"west": {"uv": [14, 6.5, 15, 7], "texture": "#2"},
				"up": {"uv": [8.5, 11.5, 7.5, 10.5], "texture": "#2"},
				"down": {"uv": [9.5, 10.5, 8.5, 11.5], "texture": "#2"}
			}
		},
		{
			"from": [6.8, 8.15, 6.85],
			"to": [9.2, 9.15, 9.15],
			"rotation": {"angle": 0, "axis": "y", "origin": [7.05, 7.15, 7]},
			"faces": {
				"north": {"uv": [15, 6.5, 16, 7], "texture": "#2"},
				"east": {"uv": [14, 6.5, 15, 7], "texture": "#2"},
				"south": {"uv": [15, 6.5, 16, 7], "texture": "#2"},
				"west": {"uv": [14, 6.5, 15, 7], "texture": "#2"},
				"up": {"uv": [8.5, 11.5, 7.5, 10.5], "texture": "#2"},
				"down": {"uv": [9.5, 10.5, 8.5, 11.5], "texture": "#2"}
			}
		}
	],
	"display": {
		"thirdperson_righthand": {
			"rotation": [0, 90, 0],
			"translation": [-0.25, -0.25, 1.75],
			"scale": [0.83, 0.83, 0.83]
		},
		"thirdperson_lefthand": {
			"rotation": [0, 90, 0],
			"translation": [-0.25, -0.5, 1.75]
		},
		"firstperson_righthand": {
			"rotation": [0, 90, 0],
			"translation": [3.5, -4.5, 0],
			"scale": [0.73, 0.73, 0.73]
		},
		"firstperson_lefthand": {
			"rotation": [0, 90, 0],
			"translation": [3.5, -4.5, 0],
			"scale": [0.73, 0.73, 0.73]
		},
		"ground": {
			"translation": [0, 1.25, 0],
			"scale": [0.5, 0.5, 0.5]
		},
		"gui": {
			"rotation": [0, 0, -45],
			"translation": [-2.75, -1.75, 0],
			"scale": [0.82, 0.82, 0.82]
		},
		"fixed": {
			"rotation": [0, 0, 45],
			"translation": [2.75, -2.75, -0.75]
		}
	}
}