{
	"format_version": "1.21.6",
	"credit": "Made with Blockbench",
	"parent": "minecraft:item/handheld",
	"textures": {
		"2": "item/copper_axe",
		"particle": "item/copper_axe"
	},
	"elements": [
		{
			"from": [7.0517, 0.11513, 7],
			"to": [9.0517, 12.21513, 9],
			"rotation": {"angle": -12.5, "axis": "z", "origin": [8.091, 12.36251, 8]},
			"faces": {
				"north": {"uv": [4.5, 0, 5.5, 6.5], "texture": "#2"},
				"east": {"uv": [5.5, 0, 6.5, 6.5], "texture": "#2"},
				"south": {"uv": [6.5, 0, 7.5, 6.5], "texture": "#2"},
				"west": {"uv": [4.5, 6.5, 5.5, 13], "texture": "#2"},
				"up": {"uv": [10.5, 5, 9.5, 4], "texture": "#2"},
				"down": {"uv": [10.5, 0, 9.5, 1], "texture": "#2"}
			}
		},
		{
			"from": [6.5517, -2.88487, 6.5],
			"to": [9.5517, 0.11513, 9.5],
			"rotation": {"angle": -12.5, "axis": "z", "origin": [8.091, 12.36251, 8]},
			"faces": {
				"north": {"uv": [10.5, 4, 12, 5.5], "texture": "#2"},
				"east": {"uv": [10.5, 4, 12, 5.5], "texture": "#2"},
				"south": {"uv": [10.5, 4, 12, 5.5], "texture": "#2"},
				"west": {"uv": [10.5, 4, 12, 5.5], "texture": "#2"},
				"up": {"uv": [12, 5.5, 10.5, 4], "texture": "#2"},
				"down": {"uv": [12, 4, 10.5, 5.5], "texture": "#2"}
			}
		},
		{
			"from": [7, 12, 7.1],
			"to": [9, 12, 8.9],
			"rotation": {"angle": 0, "axis": "y", "origin": [8, 5.5, 8]},
			"faces": {
				"north": {"uv": [2, 7, 3, 9.5], "texture": "#2"},
				"east": {"uv": [3, 7, 4, 9.5], "texture": "#2"},
				"south": {"uv": [7.5, 0, 8.5, 2.5], "texture": "#2"},
				"west": {"uv": [7.5, 2.5, 8.5, 5], "texture": "#2"},
				"up": {"uv": [10, 8, 9, 7], "texture": "#2"},
				"down": {"uv": [10, 8, 9, 9], "texture": "#2"}
			}
		},
		{
			"from": [7, 12, 7.1],
			"to": [9, 20.5, 8.9],
			"rotation": {"angle": 0, "axis": "y", "origin": [8, 14, 8]},
			"faces": {
				"north": {"uv": [0, 7, 1, 11.5], "texture": "#2"},
				"east": {"uv": [8, 6, 8.5, 10.5], "texture": "#2"},
				"south": {"uv": [1, 7, 2, 11.5], "texture": "#2"},
				"west": {"uv": [8.5, 0, 9, 4.5], "texture": "#2"},
				"up": {"uv": [10.5, 1, 9.5, 0], "texture": "#2"},
				"down": {"uv": [10.5, 0.5, 9.5, 1], "texture": "#2"}
			}
		},
		{
			"from": [6.75, 12.5, 6.85],
			"to": [9.25, 20, 9.15],
			"rotation": {"angle": 0, "axis": "y", "origin": [8, 14, 8]},
			"faces": {
				"north": {"uv": [2, 11.5, 0.5, 16], "texture": "#2"},
				"east": {"uv": [3, 11.5, 4.5, 16], "texture": "#2"},
				"south": {"uv": [0.5, 11.5, 2, 16], "texture": "#2"},
				"west": {"uv": [3, 11.5, 4.5, 16], "texture": "#2"},
				"up": {"uv": [16, 6.5, 15, 6], "texture": "#2"},
				"down": {"uv": [16, 6.5, 15, 7], "texture": "#2"}
			}
		},
		{
			"from": [9, 13, 7.6],
			"to": [10, 19.9, 8.4],
			"rotation": {"angle": 0, "axis": "y", "origin": [10, 14, 8]},
			"faces": {
				"north": {"uv": [1.5, 0, 2, 4.5], "texture": "#2"},
				"east": {"uv": [2.5, 0, 3, 4.475], "texture": "#2"},
				"south": {"uv": [2, 0, 1.5, 4.5], "texture": "#2"},
				"west": {"uv": [9, 0, 9.5, 4.5], "texture": "#2"},
				"up": {"uv": [10.5, 5.5, 10, 5], "texture": "#2"},
				"down": {"uv": [10.5, 5.5, 10, 6], "texture": "#2"}
			}
		},
		{
			"from": [10, 13.1, 7.85],
			"to": [15, 20.85, 8.15],
			"rotation": {"angle": -5, "axis": "z", "origin": [10, 20.35, 8]},
			"faces": {
				"north": {"uv": [10.5, 0, 13, 3.875], "texture": "#2"},
				"east": {"uv": [8.5, 6, 9, 10], "texture": "#2"},
				"south": {"uv": [13, 0, 10.5, 4], "texture": "#2"},
				"west": {"uv": [9, 0, 9.5, 3.5], "texture": "#2"},
				"up": {"uv": [11, 10, 8.5, 9.5], "texture": "#2"},
				"down": {"uv": [11, 10, 8.5, 10.5], "texture": "#2"}
			}
		},
		{
			"from": [5.69421, 1.94567, 6.65],
			"to": [8.39421, 2.94567, 9.35],
			"rotation": {"angle": -12.5, "axis": "z", "origin": [7.00866, 7.83806, 8]},
			"faces": {
				"north": {"uv": [15, 13, 16, 13.5], "texture": "#2"},
				"east": {"uv": [13, 13, 14, 13.5], "texture": "#2"},
				"south": {"uv": [15, 13, 16, 13.5], "texture": "#2"},
				"west": {"uv": [14, 13, 15, 13.5], "texture": "#2"},
				"up": {"uv": [8, 12, 7, 11], "texture": "#2"},
				"down": {"uv": [9, 11, 8, 12], "texture": "#2"}
			}
		},
		{
			"from": [5.94421, 2.94567, 6.9],
			"to": [8.14421, 7.94567, 9.1],
			"rotation": {"angle": -12.5, "axis": "z", "origin": [7.00866, 7.83806, 8]},
			"faces": {
				"north": {"uv": [15, 13.5, 16, 16], "texture": "#2"},
				"east": {"uv": [13, 13.5, 14, 16], "texture": "#2"},
				"south": {"uv": [15, 13.5, 16, 16], "texture": "#2"},
				"west": {"uv": [14, 13.5, 15, 16], "texture": "#2"},
				"up": {"uv": [8, 12, 7, 11], "texture": "#2"},
				"down": {"uv": [9, 11, 8, 12], "texture": "#2"}
			}
		},
		{
			"from": [5.69421, 7.94567, 6.65],
			"to": [8.39421, 8.94567, 9.35],
			"rotation": {"angle": -12.5, "axis": "z", "origin": [7.00866, 7.83806, 8]},
			"faces": {
				"north": {"uv": [15, 13, 16, 13.5], "texture": "#2"},
				"east": {"uv": [13, 13, 14, 13.5], "texture": "#2"},
				"south": {"uv": [15, 13, 16, 13.5], "texture": "#2"},
				"west": {"uv": [14, 13, 15, 13.5], "texture": "#2"},
				"up": {"uv": [8, 12, 7, 11], "texture": "#2"},
				"down": {"uv": [9, 11, 8, 12], "texture": "#2"}
			}
		}
	],
	"display": {
		"thirdperson_righthand": {
			"rotation": [19, 90, 0],
			"translation": [-0.5, 0.5, 0.75],
			"scale": [0.84, 0.84, 0.84]
		},
		"thirdperson_lefthand": {
			"rotation": [19, -90, 0],
			"translation": [-0.25, 0, 2],
			"scale": [0.73, 0.73, 0.73]
		},
		"firstperson_righthand": {
			"rotation": [-3, 90, 0],
			"translation": [2, -1.75, 2],
			"scale": [0.73, 0.73, 0.73]
		},
		"firstperson_lefthand": {
			"rotation": [-3, -90, 0],
			"translation": [2.25, -1.75, 2],
			"scale": [0.73, 0.73, 0.73]
		},
		"ground": {
			"translation": [0, 1.25, 0],
			"scale": [0.5, 0.5, 0.5]
		},
		"gui": {
			"rotation": [0, -180, 60],
			"translation": [-2.75, -2.75, 0]
		},
		"fixed": {
			"rotation": [0, 0, 60],
			"translation": [3, -2.75, 0]
		}
	}
}