{
	"format_version": "1.21.6",
	"credit": "Made with Blockbench",
	"parent": "minecraft:item/handheld",
	"textures": {
		"1": "item/copper_sword",
		"particle": "item/copper_sword"
	},
	"elements": [
		{
			"from": [7.5, 0, 7],
			"to": [8.5, 9, 9],
			"rotation": {"angle": 0, "axis": "y", "origin": [7, 0, 7]},
			"faces": {
				"north": {"uv": [2.5, 0, 3, 5], "texture": "#1"},
				"east": {"uv": [5, 0, 6, 5], "texture": "#1"},
				"south": {"uv": [4, 0, 4.5, 5], "texture": "#1"},
				"west": {"uv": [5, 0, 6, 5], "texture": "#1"},
				"up": {"uv": [4, 7, 3, 6], "texture": "#1"},
				"down": {"uv": [7, 3, 6, 4], "texture": "#1"}
			}
		},
		{
			"from": [7.4, 2.5, 6.85],
			"to": [8.6, 7.2, 9.15],
			"rotation": {"angle": 0, "axis": "y", "origin": [7.05, 0.5, 7]},
			"faces": {
				"north": {"uv": [4, 8.5, 5, 10.5], "texture": "#1"},
				"east": {"uv": [3, 8.5, 4, 10.5], "texture": "#1"},
				"south": {"uv": [6, 8.5, 7, 10.5], "texture": "#1"},
				"west": {"uv": [5, 8.5, 6, 10.5], "texture": "#1"},
				"up": {"uv": [5, 8.5, 4, 7.5], "texture": "#1"},
				"down": {"uv": [6, 7.5, 5, 8.5], "texture": "#1"}
			}
		},
		{
			"from": [7.3, 1.5, 6.75],
			"to": [8.7, 2.5, 9.25],
			"rotation": {"angle": 0, "axis": "y", "origin": [7.05, 0.5, 7]},
			"faces": {
				"north": {"uv": [6.5, 11.5, 7, 12], "texture": "#1"},
				"east": {"uv": [5, 11, 6, 11.5], "texture": "#1"},
				"south": {"uv": [6.5, 11.5, 7, 12], "texture": "#1"},
				"west": {"uv": [5, 11, 6, 11.5], "texture": "#1"},
				"up": {"uv": [5, 8.5, 4, 7.5], "texture": "#1"},
				"down": {"uv": [6, 7.5, 5, 8.5], "texture": "#1"}
			}
		},
		{
			"from": [7.75, 9, 6],
			"to": [8.25, 27, 10],
			"rotation": {"angle": 0, "axis": "y", "origin": [7, -1, 7]},
			"faces": {
				"north": {"uv": [0, 0.5, 0.5, 9.5], "texture": "#1"},
				"east": {"uv": [2, 0, 0, 9], "texture": "#1"},
				"south": {"uv": [1.5, 0.5, 2, 9.5], "texture": "#1"},
				"west": {"uv": [0, 0, 2, 9], "texture": "#1"},
				"up": {"uv": [3.5, 8, 3, 7], "texture": "#1"},
				"down": {"uv": [2.5, 5, 2, 7], "texture": "#1"}
			}
		},
		{
			"from": [7.65, 24.25, 6],
			"to": [8.35, 28.25, 10],
			"rotation": {"angle": -45, "axis": "x", "origin": [8, 26.25, 8]},
			"faces": {
				"north": {"uv": [2, 5, 2.5, 7], "texture": "#1"},
				"east": {"uv": [2, 9, 0, 11], "texture": "#1"},
				"south": {"uv": [2.5, 5, 3, 7], "texture": "#1"},
				"west": {"uv": [0, 9, 2, 11], "texture": "#1"},
				"up": {"uv": [3, 7, 2.5, 5], "texture": "#1"},
				"down": {"uv": [2.5, 5, 2, 7], "texture": "#1"}
			}
		},
		{
			"from": [7.15, -2.54289, 6.5],
			"to": [8.85, 0.45711, 9.5],
			"rotation": {"angle": 0, "axis": "x", "origin": [8, -1.04289, 8]},
			"faces": {
				"north": {"uv": [0.5, 12.5, 1, 14], "texture": "#1"},
				"east": {"uv": [1.5, 12.5, 0, 11], "texture": "#1"},
				"south": {"uv": [0, 13, 0.5, 14.5], "texture": "#1"},
				"west": {"uv": [0, 12.5, 1.5, 11], "texture": "#1"},
				"up": {"uv": [0.5, 14.5, 0, 13], "texture": "#1"},
				"down": {"uv": [1, 12.5, 0.5, 14], "texture": "#1"}
			}
		},
		{
			"from": [7.4, 8.5, 5.75],
			"to": [8.6, 10, 10.25],
			"rotation": {"angle": 0, "axis": "y", "origin": [7, -1, 7]},
			"faces": {
				"north": {"uv": [2, 5, 2.5, 5.5], "texture": "#1"},
				"east": {"uv": [2, 0.5, 0, 1], "texture": "#1"},
				"south": {"uv": [2.5, 5, 3, 5.5], "texture": "#1"},
				"west": {"uv": [0, 0.5, 2, 1], "texture": "#1"},
				"up": {"uv": [2, 7, 1.5, 5], "texture": "#1"},
				"down": {"uv": [2.5, 5, 2, 7], "texture": "#1"}
			}
		},
		{
			"from": [7.3, 6.7, 10.75],
			"to": [8.7, 9.2, 13.25],
			"rotation": {"angle": 45, "axis": "x", "origin": [8, 7.95, 12]},
			"faces": {
				"north": {"uv": [0, 12.5, 0.5, 14], "texture": "#1"},
				"east": {"uv": [1.5, 12.5, 0, 11], "texture": "#1"},
				"south": {"uv": [0.5, 12.5, 1, 14], "texture": "#1"},
				"west": {"uv": [0, 12.5, 1.5, 11], "texture": "#1"},
				"up": {"uv": [1, 14, 0.5, 12.5], "texture": "#1"},
				"down": {"uv": [0.5, 13, 0, 14.5], "texture": "#1"}
			}
		},
		{
			"from": [7.3, 6.7, 2.75],
			"to": [8.7, 9.2, 5.25],
			"rotation": {"angle": -45, "axis": "x", "origin": [8, 7.95, 4]},
			"faces": {
				"north": {"uv": [1, 12.5, 0.5, 14], "texture": "#1"},
				"east": {"uv": [1.5, 11, 0, 12.5], "texture": "#1"},
				"south": {"uv": [0.5, 12.5, 0, 14], "texture": "#1"},
				"west": {"uv": [0, 11, 1.5, 12.5], "texture": "#1"},
				"up": {"uv": [1, 12.5, 0.5, 14], "texture": "#1"},
				"down": {"uv": [0.5, 14.5, 0, 13], "texture": "#1"}
			}
		},
		{
			"from": [7.35, 7.1, 4],
			"to": [8.65, 8.9, 12],
			"rotation": {"angle": 0, "axis": "y", "origin": [7, 0, 9]},
			"faces": {
				"north": {"uv": [7, 4, 6, 5], "texture": "#1"},
				"east": {"uv": [7, 11.5, 3, 12.5], "texture": "#1"},
				"south": {"uv": [5, 6, 4, 7], "texture": "#1"},
				"west": {"uv": [7, 11.5, 3, 12.5], "texture": "#1"},
				"up": {"uv": [7.5, 8.5, 7, 12.5], "texture": "#1"},
				"down": {"uv": [8, 12.5, 7.5, 8.5], "texture": "#1"}
			}
		}
	],
	"display": {
		"thirdperson_righthand": {
			"translation": [0, 1.5, 1.5],
			"scale": [0.83, 0.83, 0.83]
		},
		"thirdperson_lefthand": {
			"translation": [0, 1.5, 1.5]
		},
		"firstperson_righthand": {
			"translation": [4, 0, 0],
			"scale": [0.73, 0.73, 0.73]
		},
		"firstperson_lefthand": {
			"translation": [4, 0, 0],
			"scale": [0.73, 0.73, 0.73]
		},
		"ground": {
			"translation": [0, 1.25, 0],
			"scale": [0.5, 0.5, 0.5]
		},
		"gui": {
			"rotation": [-90, -43.25, -90],
			"translation": [-3.5, -3.25, 0],
			"scale": [0.72, 0.72, 0.72]
		},
		"fixed": {
			"rotation": [90, -45, 90],
			"translation": [3.5, -3.25, 0]
		}
	}
}