{
	"format_version": "1.21.6",
	"credit": "Made with Blockbench",
	"parent": "minecraft:item/spear_in_hand",
	"textures": {
		"2": "item/diamond_spear_in_hand",
		"particle": "item/diamond_spear_in_hand"
	},
	"elements": [
		{
			"from": [8.09108, -15.66879, 7.1],
			"to": [10.09108, 19.83121, 8.9],
			"rotation": {"angle": 45, "axis": "z", "origin": [9.27802, 6.94665, 8]},
			"faces": {
				"north": {"uv": [4.5, 0, 5.5, 16], "texture": "#2"},
				"east": {"uv": [5.5, 16, 6.5, 0], "texture": "#2"},
				"south": {"uv": [4.5, 0, 5.5, 16], "texture": "#2"},
				"west": {"uv": [5.5, 16, 6.5, 0], "texture": "#2"},
				"up": {"uv": [11.5, 2.5, 10.5, 1.5], "texture": "#2"},
				"down": {"uv": [11.5, 1, 10.5, 2], "texture": "#2"}
			}
		},
		{
			"from": [-6.80053, 20.84023, 7.55],
			"to": [-4.80053, 22.84023, 8.45],
			"rotation": {"angle": 0, "axis": "z", "origin": [-7.58848, 23.62818, 8]},
			"faces": {
				"north": {"uv": [0.5, 4.5, 1.5, 5.5], "texture": "#2"},
				"east": {"uv": [1, 4.5, 1.5, 5.5], "texture": "#2"},
				"south": {"uv": [1.5, 4.5, 0.5, 5.5], "texture": "#2"},
				"west": {"uv": [1, 5, 1.5, 6], "texture": "#2"},
				"up": {"uv": [2, 5.5, 1.5, 4.5], "rotation": 90, "texture": "#2"},
				"down": {"uv": [1.5, 5, 1, 6], "rotation": 270, "texture": "#2"}
			}
		},
		{
			"from": [-8.73848, 21.65674, 7.75],
			"to": [-7.43848, 26.65674, 8.25],
			"rotation": {"angle": 45, "axis": "z", "origin": [-8.08848, 24.12818, 8]},
			"faces": {
				"north": {"uv": [3.5, 5.5, 2.5, 8], "texture": "#2"},
				"east": {"uv": [3.5, 5.5, 4, 8], "texture": "#2"},
				"south": {"uv": [2.5, 5.5, 3.5, 8], "texture": "#2"},
				"west": {"uv": [2.5, 5.5, 3, 8], "texture": "#2"},
				"up": {"uv": [3.5, 8, 3, 7], "rotation": 90, "texture": "#2"},
				"down": {"uv": [2.5, 5, 2, 7], "rotation": 270, "texture": "#2"}
			}
		},
		{
			"from": [-10.37644, 25.41614, 7.6],
			"to": [-9.37644, 26.41614, 8.4],
			"rotation": {"angle": 0, "axis": "z", "origin": [-8.08848, 24.12818, 8]},
			"faces": {
				"north": {"uv": [3.5, 5.5, 4, 6], "texture": "#2"},
				"east": {"uv": [1.5, 4.5, 2, 5], "texture": "#2"},
				"south": {"uv": [4, 5.5, 3.5, 6], "texture": "#2"},
				"west": {"uv": [1.5, 4.5, 2, 5], "texture": "#2"},
				"up": {"uv": [2, 5, 1.5, 4.5], "rotation": 90, "texture": "#2"},
				"down": {"uv": [2, 4.5, 1.5, 5], "rotation": 270, "texture": "#2"}
			}
		},
		{
			"from": [7.84108, 19.33121, 6.85],
			"to": [10.34108, 26.83121, 9.15],
			"rotation": {"angle": 45, "axis": "z", "origin": [9.27802, 6.94665, 8]},
			"faces": {
				"north": {"uv": [0.5, 12, 2, 15.5], "texture": "#2"},
				"east": {"uv": [3, 12, 4.5, 15.5], "texture": "#2"},
				"south": {"uv": [0.5, 12, 2, 15.5], "texture": "#2"},
				"west": {"uv": [3, 12, 4.5, 15.5], "texture": "#2"},
				"up": {"uv": [16, 6.5, 15, 6], "texture": "#2"},
				"down": {"uv": [16, 6.5, 15, 7], "texture": "#2"}
			}
		},
		{
			"from": [10.09108, 19.83121, 7.6],
			"to": [11.09108, 26.73121, 8.4],
			"rotation": {"angle": 45, "axis": "z", "origin": [9.27802, 6.94665, 8]},
			"faces": {
				"north": {"uv": [1.5, 0, 2, 4.5], "texture": "#2"},
				"east": {"uv": [1.5, 0, 2, 4.475], "texture": "#2"},
				"south": {"uv": [2, 0, 1.5, 4.5], "texture": "#2"},
				"west": {"uv": [9, 0, 9.5, 4.5], "texture": "#2"},
				"up": {"uv": [10.5, 5.5, 8, 5], "texture": "#2"},
				"down": {"uv": [8.5, 5.5, 8, 6], "texture": "#2"}
			}
		},
		{
			"from": [-2.40426, 18.57705, 7.85],
			"to": [4.59574, 25.57705, 8.15],
			"rotation": {"angle": 0, "axis": "z", "origin": [9.27802, 6.94665, 8]},
			"faces": {
				"north": {"uv": [10.5, 3.375, 14, 0], "rotation": 90, "texture": "#2"},
				"east": {"uv": [11, 10, 8.5, 10.5], "rotation": 270, "texture": "#2"},
				"south": {"uv": [14, 3.375, 10.5, 0], "rotation": 270, "texture": "#2"},
				"west": {"uv": [11, 10, 8.5, 9.5], "rotation": 270, "texture": "#2"},
				"up": {"uv": [8.5, 6, 9, 8.5], "rotation": 270, "texture": "#2"},
				"down": {"uv": [15, 0.5, 15.5, 4], "rotation": 270, "texture": "#2"}
			}
		},
		{
			"from": [-10.35535, 17.14483, 7.9],
			"to": [-6.35535, 19.64483, 8.1],
			"rotation": {"angle": -22.5, "axis": "z", "origin": [9.27802, 6.94665, 8]},
			"faces": {
				"north": {"uv": [14.5, 0, 16, 2], "rotation": 90, "texture": "#2"},
				"east": {"uv": [10.45, 10, 8.7, 10.5], "rotation": 270, "texture": "#2"},
				"south": {"uv": [16, 0, 14.5, 2], "rotation": 270, "texture": "#2"},
				"west": {"uv": [10.45, 10.5, 8.7, 10], "rotation": 270, "texture": "#2"},
				"up": {"uv": [8.5, 6, 9, 8.5], "rotation": 270, "texture": "#2"},
				"down": {"uv": [15, 0, 15.5, 2], "rotation": 270, "texture": "#2"}
			}
		},
		{
			"from": [7.40589, 15.80803, 7.9],
			"to": [10.40589, 21.80803, 8.1],
			"rotation": {"angle": 22.5, "axis": "z", "origin": [9.27802, 6.94665, 8]},
			"faces": {
				"north": {"uv": [14, 4, 15.5, 1], "texture": "#2"},
				"east": {"uv": [9, 6, 8.5, 8.5], "texture": "#2"},
				"south": {"uv": [15.5, 4, 14, 1], "texture": "#2"},
				"west": {"uv": [15.5, 0.5, 15, 3.5], "texture": "#2"},
				"up": {"uv": [10.45, 9.5, 8.7, 10], "texture": "#2"},
				"down": {"uv": [10.45, 10.5, 8.7, 10], "texture": "#2"}
			}
		},
		{
			"from": [7.09108, 20.83121, 7.6],
			"to": [9.09108, 26.73121, 8.4],
			"rotation": {"angle": 45, "axis": "z", "origin": [9.27802, 6.94665, 8]},
			"faces": {
				"north": {"uv": [2, 1, 1.5, 4], "texture": "#2"},
				"east": {"uv": [9.5, 0, 9, 4.5], "texture": "#2"},
				"south": {"uv": [1.5, 1, 2, 4], "texture": "#2"},
				"west": {"uv": [2, 1, 1.5, 3.975], "texture": "#2"},
				"up": {"uv": [8, 5.5, 10.5, 5], "texture": "#2"},
				"down": {"uv": [8, 5.5, 8.5, 6], "texture": "#2"}
			}
		},
		{
			"from": [7.72294, -2.28471, 6.65],
			"to": [10.42294, -1.28471, 9.35],
			"rotation": {"angle": 45, "axis": "z", "origin": [9.27802, 6.94665, 8]},
			"faces": {
				"north": {"uv": [15, 9.5, 16, 10], "texture": "#2"},
				"east": {"uv": [13, 9.5, 14, 10], "texture": "#2"},
				"south": {"uv": [15, 9.5, 16, 10], "texture": "#2"},
				"west": {"uv": [14, 9.5, 15, 10], "texture": "#2"},
				"up": {"uv": [10, 12, 9, 11], "texture": "#2"},
				"down": {"uv": [11, 11, 10, 12], "texture": "#2"}
			}
		},
		{
			"from": [7.97294, -16, 6.9],
			"to": [10.17294, -15, 9.1],
			"rotation": {"angle": 45, "axis": "z", "origin": [9.27802, 6.94665, 8]},
			"faces": {
				"north": {"uv": [15, 9.5, 16, 10], "texture": "#2"},
				"east": {"uv": [13, 9.5, 14, 10], "texture": "#2"},
				"south": {"uv": [15, 9.5, 16, 10], "texture": "#2"},
				"west": {"uv": [14, 9.5, 15, 10], "texture": "#2"},
				"up": {"uv": [12.5, 11.5, 11.5, 10.5], "texture": "#2"},
				"down": {"uv": [15, 9, 14, 10], "texture": "#2"}
			}
		},
		{
			"from": [7.97294, 18.71529, 6.9],
			"to": [10.17294, 19.71529, 9.1],
			"rotation": {"angle": 45, "axis": "z", "origin": [9.27802, 6.94665, 8]},
			"faces": {
				"north": {"uv": [15, 9.5, 16, 10], "texture": "#2"},
				"east": {"uv": [13, 9.5, 14, 10], "texture": "#2"},
				"south": {"uv": [15, 9.5, 16, 10], "texture": "#2"},
				"west": {"uv": [14, 9.5, 15, 10], "texture": "#2"},
				"up": {"uv": [12.5, 11.5, 11.5, 10.5], "texture": "#2"},
				"down": {"uv": [15, 9, 14, 10], "texture": "#2"}
			}
		},
		{
			"from": [7.97294, 26.71529, 6.9],
			"to": [10.17294, 27.71529, 9.1],
			"rotation": {"angle": 45, "axis": "z", "origin": [9.27802, 6.94665, 8]},
			"faces": {
				"north": {"uv": [15, 9.5, 16, 10], "texture": "#2"},
				"east": {"uv": [13, 9.5, 14, 10], "texture": "#2"},
				"south": {"uv": [15, 9.5, 16, 10], "texture": "#2"},
				"west": {"uv": [14, 9.5, 15, 10], "texture": "#2"},
				"up": {"uv": [8.5, 14, 7.5, 13], "texture": "#2"},
				"down": {"uv": [15, 9, 14, 10], "texture": "#2"}
			}
		},
		{
			"from": [24.87644, -10.91614, 7.4],
			"to": [26.87644, -8.91614, 8.6],
			"rotation": {"angle": 0, "axis": "z", "origin": [9.27802, 6.94665, 8]},
			"faces": {
				"north": {"uv": [9.5, 15.5, 10.5, 14.5], "texture": "#2"},
				"east": {"uv": [14, 8, 14.5, 9], "texture": "#2"},
				"south": {"uv": [10.5, 15.5, 9.5, 14.5], "texture": "#2"},
				"west": {"uv": [14, 8, 14.5, 9], "texture": "#2"},
				"up": {"uv": [15, 9, 14, 8.5], "texture": "#2"},
				"down": {"uv": [15, 8.5, 14, 9], "texture": "#2"}
			}
		},
		{
			"from": [7.97294, -1.28471, 6.9],
			"to": [10.17294, 11.71529, 9.1],
			"rotation": {"angle": 45, "axis": "z", "origin": [9.27802, 6.94665, 8]},
			"faces": {
				"north": {"uv": [15, 10, 14, 16], "texture": "#2"},
				"east": {"uv": [15, 10, 16, 16], "texture": "#2"},
				"south": {"uv": [14, 10, 15, 16], "texture": "#2"},
				"west": {"uv": [13, 10, 14, 16], "texture": "#2"},
				"up": {"uv": [10, 12, 9, 11], "texture": "#2"},
				"down": {"uv": [11, 11, 10, 12], "texture": "#2"}
			}
		},
		{
			"from": [7.72294, 11.71529, 6.65],
			"to": [10.42294, 12.71529, 9.35],
			"rotation": {"angle": 45, "axis": "z", "origin": [9.27802, 6.94665, 8]},
			"faces": {
				"north": {"uv": [15, 9.5, 16, 10], "texture": "#2"},
				"east": {"uv": [13, 9.5, 14, 10], "texture": "#2"},
				"south": {"uv": [15, 9.5, 16, 10], "texture": "#2"},
				"west": {"uv": [14, 9.5, 15, 10], "texture": "#2"},
				"up": {"uv": [10, 12, 9, 11], "texture": "#2"},
				"down": {"uv": [11, 11, 10, 12], "texture": "#2"}
			}
		},
		{
			"from": [-3.44126, 17.39863, 7.75],
			"to": [1.65874, 22.49863, 8.25],
			"rotation": {"angle": 0, "axis": "z", "origin": [9.27802, 6.94665, 8]},
			"faces": {
				"north": {"uv": [12, 14.5, 9.5, 12], "rotation": 180, "texture": "#2"},
				"east": {"uv": [15.5, 7, 13, 7.5], "rotation": 180, "texture": "#2"},
				"south": {"uv": [12, 12, 9.5, 14.5], "texture": "#2"},
				"west": {"uv": [15.5, 7.5, 13, 7], "rotation": 180, "texture": "#2"},
				"up": {"uv": [14, 4, 14.5, 6.5], "texture": "#2"},
				"down": {"uv": [14.5, 4, 15, 6.5], "rotation": 180, "texture": "#2"}
			}
		},
		{
			"from": [-5.33122, 16.00868, 7.75],
			"to": [-1.33122, 20.00868, 8.25],
			"rotation": {"angle": 0, "axis": "z", "origin": [9.27802, 6.94665, 8]},
			"faces": {
				"north": {"uv": [2, 6.5, 0, 4.5], "rotation": 270, "texture": "#2"},
				"east": {"uv": [8.5, 12.5, 8, 14], "rotation": 90, "texture": "#2"},
				"south": {"uv": [0, 4.5, 2, 6.5], "rotation": 270, "texture": "#2"},
				"west": {"uv": [8, 12.5, 7.5, 14], "rotation": 270, "texture": "#2"},
				"up": {"uv": [6.5, 16, 9, 14], "rotation": 90, "texture": "#2"},
				"down": {"uv": [6.5, 14, 9, 16], "rotation": 90, "texture": "#2"}
			}
		},
		{
			"from": [-6.98287, 14.3319, 7.8],
			"to": [-1.98287, 19.3319, 8.2],
			"rotation": {"angle": 0, "axis": "z", "origin": [9.27802, 6.94665, 8]},
			"faces": {
				"north": {"uv": [10.5, 6, 13, 3.5], "rotation": 270, "texture": "#2"},
				"east": {"uv": [13, 3.5, 11, 4], "rotation": 90, "texture": "#2"},
				"south": {"uv": [10.5, 3.5, 12.75, 5.75], "rotation": 270, "texture": "#2"},
				"west": {"uv": [13, 3.5, 10.75, 4], "rotation": 270, "texture": "#2"},
				"up": {"uv": [10.5, 5.5, 11, 3.5], "rotation": 90, "texture": "#2"},
				"down": {"uv": [10.5, 3.75, 11, 6], "rotation": 90, "texture": "#2"}
			}
		}
	],
	"display": {
		"thirdperson_righthand": {
			"rotation": [-45, 90, 0],
			"translation": [-0.5, 0.75, 1.25],
			"scale": [0.84, 0.84, 0.84]
		},
		"thirdperson_lefthand": {
			"rotation": [-45, -90, 0],
			"translation": [-0.25, 0.5, 1.25],
			"scale": [0.84, 0.84, 0.84]
		},
		"firstperson_righthand": {
			"rotation": [-45, 90, 0],
			"translation": [2.5, -6, 1.25],
			"scale": [0.84, 0.84, 0.84]
		},
		"firstperson_lefthand": {
			"rotation": [-45, -90, 0],
			"translation": [2.25, -3.75, 2],
			"scale": [0.73, 0.73, 0.73]
		},
		"ground": {
			"rotation": [0, 0, -45],
			"translation": [0, 11, 0],
			"scale": [0.5, 0.5, 0.5]
		},
		"gui": {
			"rotation": [-180, -180, 90],
			"translation": [0.25, 0.25, 0],
			"scale": [0.43, 0.43, 0.43]
		},
		"fixed": {
			"rotation": [-180, 0, 90],
			"translation": [-0.75, 0.75, 0],
			"scale": [0.55, 0.55, 0.55]
		}
	}
}