{
	"format_version": "1.21.6",
	"credit": "Made with Blockbench",
	"textures": {
		"2": "item/diamond_axe",
		"particle": "item/diamond_axe"
	},
	"elements": [
		{
			"from": [6.75, 18, 6.85],
			"to": [9.25, 20.75, 9.15],
			"rotation": {"angle": 0, "axis": "y", "origin": [8, 14, 8]},
			"faces": {
				"north": {"uv": [0.5, 13, 1.5, 12], "texture": "#2"},
				"east": {"uv": [2, 13, 1, 12], "texture": "#2"},
				"south": {"uv": [1, 12, 2, 13], "texture": "#2"},
				"west": {"uv": [2, 12, 1, 13], "texture": "#2"},
				"up": {"uv": [2, 13.5, 1, 12.5], "texture": "#2"},
				"down": {"uv": [2, 12.5, 1, 13.5], "texture": "#2"}
			}
		},
		{
			"from": [7, 0.15, 7.1],
			"to": [9, 20.5, 8.9],
			"rotation": {"angle": 0, "axis": "y", "origin": [8, 5.5, 8]},
			"faces": {
				"north": {"uv": [6.5, 0, 7.5, 9], "texture": "#2"},
				"east": {"uv": [6.5, 9, 7.5, 0], "texture": "#2"},
				"south": {"uv": [6.5, 0, 7.5, 9], "texture": "#2"},
				"west": {"uv": [6.5, 9, 7.5, 0], "texture": "#2"},
				"up": {"uv": [10, 7, 9, 6], "texture": "#2"},
				"down": {"uv": [10, 6, 9, 7], "texture": "#2"}
			}
		},
		{
			"from": [4.46679, 19, 7.85],
			"to": [11.46679, 26, 8.15],
			"rotation": {"angle": 45, "axis": "z", "origin": [7.96679, 22.5, 8]},
			"faces": {
				"north": {"uv": [10.5, 3.5, 14, 0], "rotation": 90, "texture": "#2"},
				"east": {"uv": [14, 0, 10.5, 0.5], "rotation": 270, "texture": "#2"},
				"south": {"uv": [14, 3.5, 10.5, 0], "rotation": 270, "texture": "#2"},
				"west": {"uv": [14, 1.5, 10.5, 1], "rotation": 270, "texture": "#2"},
				"up": {"uv": [10.5, 0, 11, 3.5], "rotation": 270, "texture": "#2"},
				"down": {"uv": [15, 0.5, 15.5, 4], "rotation": 270, "texture": "#2"}
			}
		},
		{
			"from": [4.46679, 18.75, 7.6],
			"to": [8.46679, 22.75, 8.4],
			"rotation": {"angle": 45, "axis": "z", "origin": [7.96679, 22.25, 8]},
			"faces": {
				"north": {"uv": [10.5, 5.5, 12.5, 3.5], "rotation": 90, "texture": "#2"},
				"east": {"uv": [13.5, 0, 10.5, 0.5], "rotation": 270, "texture": "#2"},
				"south": {"uv": [12.5, 5.5, 10.5, 3.5], "rotation": 270, "texture": "#2"},
				"west": {"uv": [12.5, 1.5, 10.5, 1], "rotation": 270, "texture": "#2"},
				"up": {"uv": [10.5, 0, 11, 3], "rotation": 270, "texture": "#2"},
				"down": {"uv": [15, 2, 15.5, 4], "rotation": 270, "texture": "#2"}
			}
		},
		{
			"from": [6.9, 1, 6.95],
			"to": [9.1, 10.2, 9.05],
			"rotation": {"angle": 0, "axis": "y", "origin": [7.05, 1.5, 7]},
			"faces": {
				"north": {"uv": [14, 10, 15, 14.5], "texture": "#2"},
				"east": {"uv": [13, 10, 14, 14.5], "texture": "#2"},
				"south": {"uv": [14, 10, 15, 14.5], "texture": "#2"},
				"west": {"uv": [15, 10, 16, 14.5], "texture": "#2"},
				"up": {"uv": [5, 8.5, 4, 7.5], "texture": "#2"},
				"down": {"uv": [6, 7.5, 5, 8.5], "texture": "#2"}
			}
		},
		{
			"from": [6.8, 0.15, 6.85],
			"to": [9.2, 1.15, 9.15],
			"rotation": {"angle": 0, "axis": "y", "origin": [7.05, -0.85, 7]},
			"faces": {
				"north": {"uv": [15, 9.5, 16, 10], "texture": "#2"},
				"east": {"uv": [14, 9.5, 15, 10], "texture": "#2"},
				"south": {"uv": [15, 9.5, 16, 10], "texture": "#2"},
				"west": {"uv": [14, 9.5, 15, 10], "texture": "#2"},
				"up": {"uv": [12, 12, 11, 11], "texture": "#2"},
				"down": {"uv": [15, 9, 14, 10], "texture": "#2"}
			}
		},
		{
			"from": [6.8, 10.15, 6.85],
			"to": [9.2, 11.15, 9.15],
			"rotation": {"angle": 0, "axis": "y", "origin": [7.05, 9.15, 7]},
			"faces": {
				"north": {"uv": [15, 9.5, 16, 10], "texture": "#2"},
				"east": {"uv": [14, 9.5, 15, 10], "texture": "#2"},
				"south": {"uv": [15, 9.5, 16, 10], "texture": "#2"},
				"west": {"uv": [14, 9.5, 15, 10], "texture": "#2"},
				"up": {"uv": [12, 12, 11, 11], "texture": "#2"},
				"down": {"uv": [12, 11, 11, 12], "texture": "#2"}
			}
		},
		{
			"from": [4, -5.4, 7.35],
			"to": [12, -3.6, 8.65],
			"rotation": {"angle": 0, "axis": "y", "origin": [7, -12.5, 7]},
			"faces": {
				"north": {"uv": [12.5, 8.5, 8.5, 9.5], "texture": "#2"},
				"east": {"uv": [7, 14, 6, 15], "texture": "#2"},
				"south": {"uv": [8.5, 8.5, 12.5, 9.5], "texture": "#2"},
				"west": {"uv": [7, 14, 6, 15], "texture": "#2"},
				"up": {"uv": [8.5, 10, 8, 14], "rotation": 90, "texture": "#2"},
				"down": {"uv": [8, 14, 7.5, 10], "rotation": 270, "texture": "#2"}
			}
		},
		{
			"from": [4.25, -4, 7.5],
			"to": [5.55, 1.5, 8.5],
			"rotation": {"angle": -32.5, "axis": "z", "origin": [4.9, -4, 7.95]},
			"faces": {
				"north": {"uv": [11, 8.5, 8.5, 9], "rotation": 90, "texture": "#2"},
				"east": {"uv": [8, 15, 7.5, 12.5], "rotation": 180, "texture": "#2"},
				"south": {"uv": [11, 8.5, 8.5, 9], "rotation": 270, "texture": "#2"},
				"west": {"uv": [8.5, 11.5, 8, 14], "texture": "#2"},
				"up": {"uv": [6, 14, 5, 15], "rotation": 270, "texture": "#2"},
				"down": {"uv": [7, 14, 6, 15], "rotation": 270, "texture": "#2"}
			}
		},
		{
			"from": [10.45, -4, 7.45],
			"to": [11.75, 1.5, 8.55],
			"rotation": {"angle": 32.5, "axis": "z", "origin": [11.1, -4, 8]},
			"faces": {
				"north": {"uv": [11, 8.5, 8.5, 9], "rotation": 270, "texture": "#2"},
				"east": {"uv": [8.5, 11.5, 8, 14], "texture": "#2"},
				"south": {"uv": [11, 8.5, 8.5, 9], "rotation": 90, "texture": "#2"},
				"west": {"uv": [8, 15, 7.5, 12.5], "rotation": 180, "texture": "#2"},
				"up": {"uv": [5, 15, 6, 14], "rotation": 270, "texture": "#2"},
				"down": {"uv": [6, 15, 7, 14], "rotation": 270, "texture": "#2"}
			}
		}
	],
	"gui_light": "front",
	"display": {
		"thirdperson_righthand": {
			"rotation": [0, 90, 0],
			"translation": [-0.25, -0.25, 1.75],
			"scale": [0.83, 0.83, 0.83]
		},
		"thirdperson_lefthand": {
			"rotation": [0, 90, 0],
			"translation": [-0.25, -0.5, 1.75]
		},
		"firstperson_righthand": {
			"rotation": [0, 90, 0],
			"translation": [3.5, -4.5, 0],
			"scale": [0.73, 0.73, 0.73]
		},
		"firstperson_lefthand": {
			"rotation": [0, 90, 0],
			"translation": [3.5, -4.5, 0],
			"scale": [0.73, 0.73, 0.73]
		},
		"ground": {
			"translation": [0, 1.25, 0],
			"scale": [0.5, 0.5, 0.5]
		},
		"gui": {
			"rotation": [0, 0, -45],
			"translation": [-1.75, -1.75, 0],
			"scale": [0.7, 0.7, 0.7]
		},
		"fixed": {
			"rotation": [0, 0, 45],
			"translation": [2.25, -2.25, 0],
			"scale": [0.89, 0.89, 0.89]
		}
	}
}