{
	"format_version": "1.21.6",
	"credit": "Made with Blockbench",
	"textures": {
		"2": "item/diamond_axe",
		"particle": "item/diamond_axe"
	},
	"elements": [
		{
			"from": [6.98442, -7.81944, 7],
			"to": [8.98442, 20.53056, 9],
			"rotation": {"angle": 0, "axis": "z", "origin": [9.27322, 6.02551, 8]},
			"faces": {
				"north": {"uv": [4.5, 0, 5.5, 13.5], "texture": "#2"},
				"east": {"uv": [5.5, 0, 6.5, 13.5], "texture": "#2"},
				"south": {"uv": [6.5, 0, 7.5, 13.5], "texture": "#2"},
				"west": {"uv": [5.5, 0, 6.5, 13.5], "texture": "#2"},
				"up": {"uv": [10.5, 5, 9.5, 4], "texture": "#2"},
				"down": {"uv": [10.5, 0, 9.5, 1], "texture": "#2"}
			}
		},
		{
			"from": [6.75, 12.5, 6.85],
			"to": [9.25, 20, 9.15],
			"rotation": {"angle": 0, "axis": "z", "origin": [9.27322, 6.02551, 8]},
			"faces": {
				"north": {"uv": [0.5, 12, 2, 15.5], "texture": "#2"},
				"east": {"uv": [3, 12, 4.5, 15.5], "texture": "#2"},
				"south": {"uv": [0.5, 12, 2, 15.5], "texture": "#2"},
				"west": {"uv": [3, 12, 4.5, 15.5], "texture": "#2"},
				"up": {"uv": [16, 6.5, 15, 6], "texture": "#2"},
				"down": {"uv": [16, 6.5, 15, 7], "texture": "#2"}
			}
		},
		{
			"from": [7, 13, 7.6],
			"to": [10, 19.9, 8.4],
			"rotation": {"angle": 0, "axis": "z", "origin": [9.27322, 6.02551, 8]},
			"faces": {
				"north": {"uv": [1.5, 0, 3, 4.5], "texture": "#2"},
				"east": {"uv": [2.5, 0, 3, 4.475], "texture": "#2"},
				"south": {"uv": [3, 0, 1.5, 4.5], "texture": "#2"},
				"west": {"uv": [9, 0, 9.5, 4.5], "texture": "#2"},
				"up": {"uv": [10.5, 5.5, 8, 5], "texture": "#2"},
				"down": {"uv": [10.5, 5.5, 8, 6], "texture": "#2"}
			}
		},
		{
			"from": [15.95645, 7.29686, 7.85],
			"to": [22.95645, 14.29686, 8.15],
			"rotation": {"angle": 45, "axis": "z", "origin": [9.27322, 6.02551, 8]},
			"faces": {
				"north": {"uv": [10.5, 3.375, 14, 0], "texture": "#2"},
				"east": {"uv": [8.5, 6, 9, 8.5], "texture": "#2"},
				"south": {"uv": [14, 3.375, 10.5, 0], "texture": "#2"},
				"west": {"uv": [15, 0.5, 15.5, 4], "texture": "#2"},
				"up": {"uv": [11, 10, 8.5, 9.5], "texture": "#2"},
				"down": {"uv": [11, 10, 8.5, 10.5], "texture": "#2"}
			}
		},
		{
			"from": [15.20612, 16.61439, 7.9],
			"to": [18.70612, 20.61439, 8.1],
			"rotation": {"angle": 22.5, "axis": "z", "origin": [9.27322, 6.02551, 8]},
			"faces": {
				"north": {"uv": [14.5, 0, 16, 2], "texture": "#2"},
				"east": {"uv": [8.5, 6, 9, 8.5], "texture": "#2"},
				"south": {"uv": [16, 0, 14, 2], "texture": "#2"},
				"west": {"uv": [15, 0.5, 15.5, 4], "texture": "#2"},
				"up": {"uv": [10.45, 10, 8.7, 9.5], "texture": "#2"},
				"down": {"uv": [10.45, 10, 8.7, 10.5], "texture": "#2"}
			}
		},
		{
			"from": [8.65918, 9.01099, 7.9],
			"to": [11.65918, 15.01099, 8.1],
			"rotation": {"angle": -22.5, "axis": "z", "origin": [9.27322, 6.02551, 8]},
			"faces": {
				"north": {"uv": [14, 4, 15.5, 1], "texture": "#2"},
				"east": {"uv": [9, 6, 8.5, 8.5], "texture": "#2"},
				"south": {"uv": [15.5, 4, 14, 1], "texture": "#2"},
				"west": {"uv": [15.5, 0.5, 15, 3.5], "texture": "#2"},
				"up": {"uv": [10.45, 9.5, 8.7, 10], "texture": "#2"},
				"down": {"uv": [10.45, 10.5, 8.7, 10], "texture": "#2"}
			}
		},
		{
			"from": [6, 14, 7.6],
			"to": [9, 19.9, 8.4],
			"rotation": {"angle": 0, "axis": "z", "origin": [9.27322, 6.02551, 8]},
			"faces": {
				"north": {"uv": [3, 0, 1.5, 4.5], "texture": "#2"},
				"east": {"uv": [9.5, 0, 9, 4.5], "texture": "#2"},
				"south": {"uv": [1.5, 0, 3, 4.5], "texture": "#2"},
				"west": {"uv": [3, 0, 2.5, 4.475], "texture": "#2"},
				"up": {"uv": [8, 5.5, 10.5, 5], "texture": "#2"},
				"down": {"uv": [8, 5.5, 10.5, 6], "texture": "#2"}
			}
		},
		{
			"from": [6.63186, -4.11592, 6.65],
			"to": [9.33186, -3.11592, 9.35],
			"rotation": {"angle": 0, "axis": "z", "origin": [9.27322, 6.02551, 8]},
			"faces": {
				"north": {"uv": [15, 9.5, 16, 10], "texture": "#2"},
				"east": {"uv": [13, 9.5, 14, 10], "texture": "#2"},
				"south": {"uv": [15, 9.5, 16, 10], "texture": "#2"},
				"west": {"uv": [14, 9.5, 15, 10], "texture": "#2"},
				"up": {"uv": [10, 12, 9, 11], "texture": "#2"},
				"down": {"uv": [11, 11, 10, 12], "texture": "#2"}
			}
		},
		{
			"from": [6.88186, -8.11592, 6.9],
			"to": [9.08186, -7.11592, 9.1],
			"rotation": {"angle": 0, "axis": "z", "origin": [9.27322, 6.02551, 8]},
			"faces": {
				"north": {"uv": [15, 9.5, 16, 10], "texture": "#2"},
				"east": {"uv": [13, 9.5, 14, 10], "texture": "#2"},
				"south": {"uv": [15, 9.5, 16, 10], "texture": "#2"},
				"west": {"uv": [14, 9.5, 15, 10], "texture": "#2"},
				"up": {"uv": [12.5, 11.5, 11.5, 10.5], "texture": "#2"},
				"down": {"uv": [15, 9, 14, 10], "texture": "#2"}
			}
		},
		{
			"from": [17.67597, -6.17785, 7.4],
			"to": [19.67597, -4.17785, 8.6],
			"rotation": {"angle": -45, "axis": "z", "origin": [9.27322, 6.02551, 8]},
			"faces": {
				"north": {"uv": [9.5, 15.5, 10.5, 14.5], "texture": "#2"},
				"east": {"uv": [14, 8, 14.5, 9], "texture": "#2"},
				"south": {"uv": [10.5, 15.5, 9.5, 14.5], "texture": "#2"},
				"west": {"uv": [14, 8, 14.5, 9], "texture": "#2"},
				"up": {"uv": [15, 9, 14, 8.5], "texture": "#2"},
				"down": {"uv": [15, 8.5, 14, 9], "texture": "#2"}
			}
		},
		{
			"from": [6.88186, -3.11592, 6.9],
			"to": [9.08186, 9.88408, 9.1],
			"rotation": {"angle": 0, "axis": "z", "origin": [9.27322, 6.02551, 8]},
			"faces": {
				"north": {"uv": [15, 10, 14, 16], "texture": "#2"},
				"east": {"uv": [15, 10, 16, 16], "texture": "#2"},
				"south": {"uv": [14, 10, 15, 16], "texture": "#2"},
				"west": {"uv": [13, 10, 14, 16], "texture": "#2"},
				"up": {"uv": [10, 12, 9, 11], "texture": "#2"},
				"down": {"uv": [11, 11, 10, 12], "texture": "#2"}
			}
		},
		{
			"from": [6.63186, 9.88408, 6.65],
			"to": [9.33186, 10.88408, 9.35],
			"rotation": {"angle": 0, "axis": "z", "origin": [9.27322, 6.02551, 8]},
			"faces": {
				"north": {"uv": [15, 9.5, 16, 10], "texture": "#2"},
				"east": {"uv": [13, 9.5, 14, 10], "texture": "#2"},
				"south": {"uv": [15, 9.5, 16, 10], "texture": "#2"},
				"west": {"uv": [14, 9.5, 15, 10], "texture": "#2"},
				"up": {"uv": [10, 12, 9, 11], "texture": "#2"},
				"down": {"uv": [11, 11, 10, 12], "texture": "#2"}
			}
		},
		{
			"from": [-0.03513, 11.53032, 7.75],
			"to": [5.06487, 16.63032, 8.25],
			"rotation": {"angle": -45, "axis": "z", "origin": [9.27322, 6.02551, 8]},
			"faces": {
				"north": {"uv": [12, 14.5, 9.5, 12], "rotation": 180, "texture": "#2"},
				"east": {"uv": [15.5, 7, 13, 7.5], "rotation": 180, "texture": "#2"},
				"south": {"uv": [12, 12, 9.5, 14.5], "texture": "#2"},
				"west": {"uv": [15.5, 7.5, 13, 7], "rotation": 180, "texture": "#2"},
				"up": {"uv": [14, 4, 14.5, 6.5], "texture": "#2"},
				"down": {"uv": [14.5, 4, 15, 6.5], "rotation": 180, "texture": "#2"}
			}
		},
		{
			"from": [13.38808, 13.22382, 7.75],
			"to": [17.38808, 17.22382, 8.25],
			"rotation": {"angle": 45, "axis": "z", "origin": [9.27322, 6.02551, 8]},
			"faces": {
				"north": {"uv": [2, 6.5, 0, 4.5], "rotation": 180, "texture": "#2"},
				"east": {"uv": [6.5, 16, 9, 14], "rotation": 180, "texture": "#2"},
				"south": {"uv": [0, 4.5, 2, 6.5], "texture": "#2"},
				"west": {"uv": [6.5, 14, 9, 16], "rotation": 180, "texture": "#2"},
				"up": {"uv": [8, 12.5, 7.5, 14], "texture": "#2"},
				"down": {"uv": [8.5, 12.5, 8, 14], "rotation": 180, "texture": "#2"}
			}
		},
		{
			"from": [11.7113, 13.87547, 7.8],
			"to": [16.7113, 18.87547, 8.2],
			"rotation": {"angle": 45, "axis": "z", "origin": [9.27322, 6.02551, 8]},
			"faces": {
				"north": {"uv": [10.5, 6, 13, 3.5], "rotation": 180, "texture": "#2"},
				"east": {"uv": [10.5, 5.5, 11, 3.5], "rotation": 180, "texture": "#2"},
				"south": {"uv": [10.5, 3.5, 12.75, 5.75], "texture": "#2"},
				"west": {"uv": [10.5, 3.75, 11, 6], "rotation": 180, "texture": "#2"},
				"up": {"uv": [13, 3.5, 10.75, 4], "texture": "#2"},
				"down": {"uv": [13, 3.5, 11, 4], "rotation": 180, "texture": "#2"}
			}
		}
	],
	"gui_light": "front",
	"display": {
		"thirdperson_righthand": {
			"rotation": [0, 90, 0],
			"translation": [-0.5, 0, 1.25],
			"scale": [0.84, 0.84, 0.84]
		},
		"thirdperson_lefthand": {
			"rotation": [19, -90, 0],
			"translation": [-0.25, 0, 2],
			"scale": [0.73, 0.73, 0.73]
		},
		"firstperson_righthand": {
			"rotation": [-3, 90, 0],
			"translation": [2, -1.75, 2],
			"scale": [0.73, 0.73, 0.73]
		},
		"firstperson_lefthand": {
			"rotation": [-3, -90, 0],
			"translation": [2.25, -1.75, 2],
			"scale": [0.73, 0.73, 0.73]
		},
		"ground": {
			"translation": [0, 1.25, 0],
			"scale": [0.5, 0.5, 0.5]
		},
		"gui": {
			"rotation": [0, -180, 45],
			"translation": [0.25, 0.5, 0],
			"scale": [0.66, 0.66, 0.66]
		},
		"fixed": {
			"rotation": [0, 0, 45],
			"translation": [0.25, -0.25, 0],
			"scale": [0.75, 0.75, 0.75]
		}
	}
}