{
	"format_version": "1.21.6",
	"credit": "Made with Blockbench",
	"textures": {
		"2": "item/golden_hoe",
		"particle": "item/golden_hoe"
	},
	"elements": [
		{
			"from": [7, 0.15, 7.1],
			"to": [9, 20.5, 8.9],
			"rotation": {"angle": 0, "axis": "y", "origin": [8, 5.5, 8]},
			"faces": {
				"north": {"uv": [5.5, 0, 6.5, 10], "texture": "#2"},
				"east": {"uv": [5.5, 10, 6.5, 0], "texture": "#2"},
				"south": {"uv": [5.5, 0, 6.5, 10], "texture": "#2"},
				"west": {"uv": [5.5, 10, 6.5, 0], "texture": "#2"},
				"up": {"uv": [10.5, 1, 9.5, 0], "texture": "#2"},
				"down": {"uv": [10.5, 0, 9.5, 1], "texture": "#2"}
			}
		},
		{
			"from": [6.75, 17.15, 6.85],
			"to": [9.25, 20.25, 9.15],
			"rotation": {"angle": 0, "axis": "y", "origin": [8, 6.5, 9.1]},
			"faces": {
				"north": {"uv": [15, 4.5, 16, 6], "texture": "#2"},
				"east": {"uv": [15, 6, 16, 4.5], "texture": "#2"},
				"south": {"uv": [15, 4.5, 16, 6], "texture": "#2"},
				"west": {"uv": [15, 6, 16, 4.5], "texture": "#2"},
				"up": {"uv": [13, 2, 12, 1], "texture": "#2"},
				"down": {"uv": [13, 1, 12, 2], "texture": "#2"}
			}
		},
		{
			"from": [6, 19.1, 5],
			"to": [11, 19.9, 11],
			"rotation": {"angle": 0, "axis": "x", "origin": [9, 19.5, 8.5]},
			"faces": {
				"north": {"uv": [13.5, 1.5, 11, 2], "rotation": 180, "texture": "#2"},
				"east": {"uv": [15.5, 0.5, 16, 3.475], "rotation": 270, "texture": "#2"},
				"south": {"uv": [13.5, 2, 11, 1.5], "texture": "#2"},
				"west": {"uv": [15.5, 0.5, 16, 3.5], "rotation": 90, "texture": "#2"},
				"up": {"uv": [14, 6, 11.5, 9], "rotation": 180, "texture": "#2"},
				"down": {"uv": [14, 6, 11.5, 9], "texture": "#2"}
			}
		},
		{
			"from": [11, 19.35, 4.25],
			"to": [16, 19.65, 12],
			"rotation": {"angle": 0, "axis": "x", "origin": [9, 19.5, 8.5]},
			"faces": {
				"north": {"uv": [13, 3, 10.5, 3.5], "rotation": 180, "texture": "#2"},
				"east": {"uv": [8.5, 6, 9, 8.5], "rotation": 270, "texture": "#2"},
				"south": {"uv": [13, 3.5, 10.5, 3], "texture": "#2"},
				"west": {"uv": [9, 0, 9.5, 3.5], "rotation": 90, "texture": "#2"},
				"up": {"uv": [10.5, 0, 13, 3.5], "rotation": 180, "texture": "#2"},
				"down": {"uv": [13, 0, 10.5, 3.5], "texture": "#2"}
			}
		},
		{
			"from": [6.9, 3.5, 6.95],
			"to": [9.1, 8.2, 9.05],
			"rotation": {"angle": 0, "axis": "y", "origin": [7.05, 1.5, 7]},
			"faces": {
				"north": {"uv": [13.5, 13.5, 14.5, 15.5], "texture": "#2"},
				"east": {"uv": [13, 13.5, 14, 15.5], "texture": "#2"},
				"south": {"uv": [14.5, 13.5, 13.5, 15.5], "texture": "#2"},
				"west": {"uv": [15, 13.5, 16, 15.5], "texture": "#2"},
				"up": {"uv": [5, 8.5, 4, 7.5], "texture": "#2"},
				"down": {"uv": [6, 7.5, 5, 8.5], "texture": "#2"}
			}
		},
		{
			"from": [6.8, 2.5, 6.85],
			"to": [9.2, 3.5, 9.15],
			"rotation": {"angle": 0, "axis": "y", "origin": [7.05, 1.5, 7]},
			"faces": {
				"north": {"uv": [15, 9.5, 16, 10], "texture": "#2"},
				"east": {"uv": [14, 9.5, 15, 10], "texture": "#2"},
				"south": {"uv": [15, 9.5, 16, 10], "texture": "#2"},
				"west": {"uv": [14, 9.5, 15, 10], "texture": "#2"},
				"up": {"uv": [10.5, 15.5, 9.5, 14.5], "texture": "#2"},
				"down": {"uv": [11.5, 14.5, 10.5, 15.5], "texture": "#2"}
			}
		},
		{
			"from": [6.95, -0.5, 7.05],
			"to": [9.05, 0.5, 8.95],
			"rotation": {"angle": 0, "axis": "y", "origin": [7.05, -1.5, 7]},
			"faces": {
				"north": {"uv": [15, 8.5, 16, 9], "texture": "#2"},
				"east": {"uv": [14, 8.5, 15, 9], "texture": "#2"},
				"south": {"uv": [15, 8.5, 16, 9], "texture": "#2"},
				"west": {"uv": [14, 8.5, 15, 9], "texture": "#2"},
				"up": {"uv": [10.5, 15.5, 9.5, 14.5], "texture": "#2"},
				"down": {"uv": [15, 7.5, 14, 8.5], "texture": "#2"}
			}
		},
		{
			"from": [6.8, 8.15, 6.85],
			"to": [9.2, 9.15, 9.15],
			"rotation": {"angle": 0, "axis": "y", "origin": [7.05, 7.15, 7]},
			"faces": {
				"north": {"uv": [15, 9.5, 16, 10], "texture": "#2"},
				"east": {"uv": [14, 9.5, 15, 10], "texture": "#2"},
				"south": {"uv": [15, 9.5, 16, 10], "texture": "#2"},
				"west": {"uv": [14, 9.5, 15, 10], "texture": "#2"},
				"up": {"uv": [10.5, 15.5, 9.5, 14.5], "texture": "#2"},
				"down": {"uv": [11.5, 14.5, 10.5, 15.5], "texture": "#2"}
			}
		}
	],
	"gui_light": "front",
	"display": {
		"thirdperson_righthand": {
			"rotation": [0, 90, 0],
			"translation": [-0.25, -0.5, 2],
			"scale": [0.73, 0.73, 0.73]
		},
		"thirdperson_lefthand": {
			"rotation": [0, -90, 0],
			"translation": [-0.25, -0.5, 2]
		},
		"firstperson_righthand": {
			"rotation": [0, 90, 0],
			"translation": [1.75, -2.5, 2],
			"scale": [0.83, 0.83, 0.83]
		},
		"firstperson_lefthand": {
			"rotation": [0, -90, 0],
			"translation": [1.75, -2.5, 2],
			"scale": [0.73, 0.73, 0.73]
		},
		"ground": {
			"translation": [0, 1.25, 0],
			"scale": [0.5, 0.5, 0.5]
		},
		"gui": {
			"rotation": [0, 41, -45],
			"translation": [-3.25, -1.75, 0]
		},
		"fixed": {
			"rotation": [0, 0, 45],
			"translation": [1.75, -3.25, 0]
		}
	}
}