{
	"format_version": "1.21.6",
	"credit": "Made with Blockbench",
	"textures": {
		"2": "item/golden_axe",
		"particle": "item/golden_axe"
	},
	"elements": [
		{
			"from": [6.75, 18, 6.85],
			"to": [9.25, 20.75, 9.15],
			"rotation": {"angle": 0, "axis": "y", "origin": [8, 14, 8]},
			"faces": {
				"north": {"uv": [0.5, 13, 1.5, 12], "texture": "#2"},
				"east": {"uv": [2, 13, 1, 12], "texture": "#2"},
				"south": {"uv": [1, 12, 2, 13], "texture": "#2"},
				"west": {"uv": [2, 12, 1, 13], "texture": "#2"},
				"up": {"uv": [2, 13.5, 1, 12.5], "texture": "#2"},
				"down": {"uv": [2, 13.5, 1, 14.5], "texture": "#2"}
			}
		},
		{
			"from": [7, 0.15, 7.1],
			"to": [9, 20.5, 8.9],
			"rotation": {"angle": 0, "axis": "y", "origin": [8, 5.5, 8]},
			"faces": {
				"north": {"uv": [6.5, 0, 7.5, 9], "texture": "#2"},
				"east": {"uv": [6.5, 9, 7.5, 0], "texture": "#2"},
				"south": {"uv": [6.5, 0, 7.5, 9], "texture": "#2"},
				"west": {"uv": [6.5, 9, 7.5, 0], "texture": "#2"},
				"up": {"uv": [10, 7, 9, 6], "texture": "#2"},
				"down": {"uv": [10, 6, 9, 7], "texture": "#2"}
			}
		},
		{
			"from": [4.6, 19, 7.85],
			"to": [8.2, 26, 8.15],
			"rotation": {"angle": -22.5, "axis": "y", "origin": [6.35, 22.5, 8]},
			"faces": {
				"north": {"uv": [10, 6, 13, 7.5], "rotation": 90, "texture": "#2"},
				"east": {"uv": [13, 1.5, 10, 2], "rotation": 270, "texture": "#2"},
				"south": {"uv": [13, 6, 10, 7.5], "rotation": 270, "texture": "#2"},
				"west": {"uv": [13, 1.5, 10, 1], "rotation": 270, "texture": "#2"},
				"up": {"uv": [8.5, 6, 9, 9], "rotation": 270, "texture": "#2"},
				"down": {"uv": [9, 0, 9.5, 3], "rotation": 270, "texture": "#2"}
			}
		},
		{
			"from": [7.8, 19, 7.85],
			"to": [11.4, 26, 8.15],
			"rotation": {"angle": 22.5, "axis": "y", "origin": [9.65, 22.5, 8]},
			"faces": {
				"north": {"uv": [10, 7.5, 13, 9], "rotation": 90, "texture": "#2"},
				"east": {"uv": [13, 1, 10, 1.5], "rotation": 270, "texture": "#2"},
				"south": {"uv": [13, 7.5, 10, 8.975], "rotation": 270, "texture": "#2"},
				"west": {"uv": [13, 1.5, 10, 1], "rotation": 270, "texture": "#2"},
				"up": {"uv": [8.5, 9, 9, 6], "rotation": 270, "texture": "#2"},
				"down": {"uv": [9, 3, 9.5, 0], "rotation": 270, "texture": "#2"}
			}
		},
		{
			"from": [5.8, 26, 7.85],
			"to": [8.2, 27, 8.15],
			"rotation": {"angle": -22.5, "axis": "y", "origin": [6.35, 29.5, 8]},
			"faces": {
				"north": {"uv": [10, 6, 10.5, 7], "rotation": 90, "texture": "#2"},
				"east": {"uv": [11, 1.5, 10, 2], "rotation": 270, "texture": "#2"},
				"south": {"uv": [10.5, 6, 10, 7], "rotation": 270, "texture": "#2"},
				"west": {"uv": [11, 1.5, 10.5, 1], "rotation": 270, "texture": "#2"},
				"up": {"uv": [8.5, 6, 9, 7], "rotation": 270, "texture": "#2"},
				"down": {"uv": [9, 0, 9.5, 3], "rotation": 270, "texture": "#2"}
			}
		},
		{
			"from": [7.8, 26, 7.85],
			"to": [10.2, 27, 8.15],
			"rotation": {"angle": 22.5, "axis": "y", "origin": [9.65, 29.5, 8]},
			"faces": {
				"north": {"uv": [10, 7, 10.5, 6], "rotation": 90, "texture": "#2"},
				"east": {"uv": [11, 1, 10.5, 1.5], "rotation": 270, "texture": "#2"},
				"south": {"uv": [10.5, 6.975, 10, 6], "rotation": 270, "texture": "#2"},
				"west": {"uv": [13, 1.5, 10, 1], "rotation": 270, "texture": "#2"},
				"up": {"uv": [8.5, 7, 9, 6], "rotation": 270, "texture": "#2"},
				"down": {"uv": [9, 3, 9.5, 0], "rotation": 270, "texture": "#2"}
			}
		},
		{
			"from": [6.9, 3.5, 6.95],
			"to": [9.1, 8.2, 9.05],
			"rotation": {"angle": 0, "axis": "y", "origin": [7.05, 1.5, 7]},
			"faces": {
				"north": {"uv": [14, 10, 15, 12], "texture": "#2"},
				"east": {"uv": [13, 10, 14, 12], "texture": "#2"},
				"south": {"uv": [14, 10, 15, 12], "texture": "#2"},
				"west": {"uv": [15, 10, 16, 12], "texture": "#2"},
				"up": {"uv": [5, 8.5, 4, 7.5], "texture": "#2"},
				"down": {"uv": [6, 7.5, 5, 8.5], "texture": "#2"}
			}
		},
		{
			"from": [6.8, 2.5, 6.85],
			"to": [9.2, 3.5, 9.15],
			"rotation": {"angle": 0, "axis": "y", "origin": [7.05, 1.5, 7]},
			"faces": {
				"north": {"uv": [15, 9.5, 16, 10], "texture": "#2"},
				"east": {"uv": [14, 9.5, 15, 10], "texture": "#2"},
				"south": {"uv": [15, 9.5, 16, 10], "texture": "#2"},
				"west": {"uv": [14, 9.5, 15, 10], "texture": "#2"},
				"up": {"uv": [9.5, 11.5, 8.5, 10.5], "texture": "#2"},
				"down": {"uv": [10.5, 10.5, 9.5, 11.5], "texture": "#2"}
			}
		},
		{
			"from": [6.8, 8.15, 6.85],
			"to": [9.2, 9.15, 9.15],
			"rotation": {"angle": 0, "axis": "y", "origin": [7.05, 7.15, 7]},
			"faces": {
				"north": {"uv": [15, 9.5, 16, 10], "texture": "#2"},
				"east": {"uv": [14, 9.5, 15, 10], "texture": "#2"},
				"south": {"uv": [15, 9.5, 16, 10], "texture": "#2"},
				"west": {"uv": [14, 9.5, 15, 10], "texture": "#2"},
				"up": {"uv": [9.5, 11.5, 8.5, 10.5], "texture": "#2"},
				"down": {"uv": [10.5, 10.5, 9.5, 11.5], "texture": "#2"}
			}
		},
		{
			"from": [6, -1.8, 7.05],
			"to": [10, 0.7, 8.95],
			"rotation": {"angle": 0, "axis": "y", "origin": [8, -0.8, 8]},
			"faces": {
				"north": {"uv": [0, 10, 2.5, 12], "rotation": 180, "texture": "#2"},
				"east": {"uv": [3.5, 10, 3, 12], "rotation": 180, "texture": "#2"},
				"south": {"uv": [0, 12, 2.5, 10], "rotation": 180, "texture": "#2"},
				"west": {"uv": [3, 12, 2.5, 10], "texture": "#2"},
				"up": {"uv": [4, 10, 3.5, 12], "rotation": 90, "texture": "#2"},
				"down": {"uv": [4.5, 10, 4, 12], "rotation": 90, "texture": "#2"}
			}
		},
		{
			"from": [4, -1.4, 7.35],
			"to": [12, 0.4, 8.65],
			"rotation": {"angle": 0, "axis": "y", "origin": [7, -8.5, 7]},
			"faces": {
				"north": {"uv": [8.5, 15, 3.5, 16], "texture": "#2"},
				"east": {"uv": [6, 14, 5, 15], "texture": "#2"},
				"south": {"uv": [8.5, 15, 3.5, 16], "texture": "#2"},
				"west": {"uv": [7, 14, 6, 15], "texture": "#2"},
				"up": {"uv": [8.5, 9, 8, 14], "rotation": 90, "texture": "#2"},
				"down": {"uv": [8, 15, 7.5, 10], "rotation": 270, "texture": "#2"}
			}
		},
		{
			"from": [3, -3.3, 7.45],
			"to": [4, 0.4, 8.55],
			"rotation": {"angle": 0, "axis": "y", "origin": [8, -10.5, 7]},
			"faces": {
				"north": {"uv": [9, 12.5, 8.5, 14.5], "texture": "#2"},
				"east": {"uv": [9.5, 12.5, 9, 14.5], "texture": "#2"},
				"south": {"uv": [9, 12.5, 8.5, 14.5], "texture": "#2"},
				"west": {"uv": [9.5, 12.5, 9, 14.5], "texture": "#2"},
				"up": {"uv": [9.5, 15, 9, 15.5], "rotation": 90, "texture": "#2"},
				"down": {"uv": [9.5, 15, 9, 14.5], "rotation": 270, "texture": "#2"}
			}
		},
		{
			"from": [12, -3.3, 7.45],
			"to": [13, 0.4, 8.55],
			"rotation": {"angle": 0, "axis": "y", "origin": [8, -10.5, 7]},
			"faces": {
				"north": {"uv": [8.5, 12.5, 9, 14.5], "texture": "#2"},
				"east": {"uv": [9, 12.5, 9.5, 14.5], "texture": "#2"},
				"south": {"uv": [8.5, 12.5, 9, 14.5], "texture": "#2"},
				"west": {"uv": [9, 12.5, 9.5, 14.5], "texture": "#2"},
				"up": {"uv": [9.5, 15.5, 9, 15], "rotation": 90, "texture": "#2"},
				"down": {"uv": [9.5, 14.5, 9, 15], "rotation": 270, "texture": "#2"}
			}
		}
	],
	"gui_light": "front",
	"display": {
		"thirdperson_righthand": {
			"rotation": [0, 90, 0],
			"translation": [-0.25, -0.25, 1.75],
			"scale": [0.83, 0.83, 0.83]
		},
		"thirdperson_lefthand": {
			"rotation": [0, 90, 0],
			"translation": [-0.25, -0.5, 1.75]
		},
		"firstperson_righthand": {
			"rotation": [0, 90, 0],
			"translation": [3.5, -4.5, 0],
			"scale": [0.73, 0.73, 0.73]
		},
		"firstperson_lefthand": {
			"rotation": [0, 90, 0],
			"translation": [3.5, -4.5, 0],
			"scale": [0.73, 0.73, 0.73]
		},
		"ground": {
			"translation": [0, 1.25, 0],
			"scale": [0.5, 0.5, 0.5]
		},
		"gui": {
			"rotation": [0, 0, -45],
			"translation": [-2, -1.75, 0],
			"scale": [0.69, 0.69, 0.69]
		},
		"fixed": {
			"rotation": [0, 0, 45],
			"translation": [2.75, -2.75, 0],
			"scale": [0.83, 0.83, 0.83]
		}
	}
}