{
	"format_version": "1.21.6",
	"credit": "Made with Blockbench",
	"textures": {
		"2": "item/golden_axe",
		"particle": "item/golden_axe"
	},
	"elements": [
		{
			"from": [7, 0.15, 7.1],
			"to": [9, 21, 8.9],
			"rotation": {"angle": 0, "axis": "y", "origin": [8, 5.5, 8]},
			"faces": {
				"north": {"uv": [5.5, 0, 6.5, 10], "texture": "#2"},
				"east": {"uv": [5.5, 10, 6.5, 0], "texture": "#2"},
				"south": {"uv": [5.5, 0, 6.5, 10], "texture": "#2"},
				"west": {"uv": [5.5, 10, 6.5, 0], "texture": "#2"},
				"up": {"uv": [6.5, 11, 5.5, 10], "texture": "#2"},
				"down": {"uv": [6.5, 10, 5.5, 11], "texture": "#2"}
			}
		},
		{
			"from": [6.75, 17.15, 6.85],
			"to": [9.25, 20.5, 9.15],
			"rotation": {"angle": 0, "axis": "y", "origin": [8, 5.5, 8]},
			"faces": {
				"north": {"uv": [1, 12, 2, 13.5], "texture": "#2"},
				"east": {"uv": [1, 13.5, 2, 12], "texture": "#2"},
				"south": {"uv": [1, 12, 2, 13.5], "texture": "#2"},
				"west": {"uv": [2, 13.5, 1, 12], "texture": "#2"},
				"up": {"uv": [4, 12, 3, 11], "texture": "#2"},
				"down": {"uv": [4, 11, 3, 12], "texture": "#2"}
			}
		},
		{
			"from": [8.25, 17.62803, 7.75],
			"to": [10.75, 20.12803, 8.25],
			"rotation": {"angle": -22.5, "axis": "z", "origin": [10, 18.37803, 8]},
			"faces": {
				"north": {"uv": [9.5, 10.5, 11, 12], "texture": "#2"},
				"east": {"uv": [9.5, 12.5, 10, 10.5], "texture": "#2"},
				"south": {"uv": [11, 10.5, 9.5, 12], "texture": "#2"},
				"west": {"uv": [9.5, 11.5, 8.5, 10.5], "texture": "#2"},
				"up": {"uv": [12.5, 10.5, 11, 10], "texture": "#2"},
				"down": {"uv": [12.5, 10, 11, 10.5], "texture": "#2"}
			}
		},
		{
			"from": [8.73358, 18.11061, 7.85],
			"to": [14.73358, 19.11061, 8.15],
			"rotation": {"angle": -22.5, "axis": "z", "origin": [12.23358, 18.61061, 8]},
			"faces": {
				"north": {"uv": [10.5, 1, 13.5, 1.5], "texture": "#2"},
				"east": {"uv": [8.5, 6, 9, 6.5], "texture": "#2"},
				"south": {"uv": [13, 1, 10, 1.5], "texture": "#2"},
				"west": {"uv": [9, 0, 9.5, 3.5], "texture": "#2"},
				"up": {"uv": [13.5, 2, 10.5, 1.5], "texture": "#2"},
				"down": {"uv": [13.5, 1.5, 10.5, 2], "texture": "#2"}
			}
		},
		{
			"from": [9, 18.4, 7.95],
			"to": [13.5, 19.4, 8.05],
			"rotation": {"angle": -22.5, "axis": "z", "origin": [9, 18.65, 8]},
			"faces": {
				"north": {"uv": [10.5, 0.5, 13, 1], "texture": "#2"},
				"east": {"uv": [8.5, 6, 9, 6.5], "texture": "#2"},
				"south": {"uv": [13, 1.5, 10.5, 2], "texture": "#2"},
				"west": {"uv": [9, 0, 9.5, 3.5], "texture": "#2"},
				"up": {"uv": [11.5, 5.5, 8, 5], "texture": "#2"},
				"down": {"uv": [13, 1.5, 10.5, 2], "texture": "#2"}
			}
		},
		{
			"from": [6.9, 3.5, 6.95],
			"to": [9.1, 8.2, 9.05],
			"rotation": {"angle": 0, "axis": "y", "origin": [7.05, 1.5, 7]},
			"faces": {
				"north": {"uv": [13.5, 13.5, 14.5, 15.5], "texture": "#2"},
				"east": {"uv": [13, 13.5, 14, 15.5], "texture": "#2"},
				"south": {"uv": [13.5, 13.5, 14.5, 15.5], "texture": "#2"},
				"west": {"uv": [14.5, 13.5, 15.5, 15.5], "texture": "#2"},
				"up": {"uv": [5, 8.5, 4, 7.5], "texture": "#2"},
				"down": {"uv": [6, 7.5, 5, 8.5], "texture": "#2"}
			}
		},
		{
			"from": [6.8, 2.5, 6.85],
			"to": [9.2, 3.5, 9.15],
			"rotation": {"angle": 0, "axis": "y", "origin": [7.05, 1.5, 7]},
			"faces": {
				"north": {"uv": [15, 9.5, 16, 10], "texture": "#2"},
				"east": {"uv": [14, 9.5, 15, 10], "texture": "#2"},
				"south": {"uv": [15, 9.5, 16, 10], "texture": "#2"},
				"west": {"uv": [14, 9.5, 15, 10], "texture": "#2"},
				"up": {"uv": [9.5, 11.5, 8.5, 10.5], "texture": "#2"},
				"down": {"uv": [9.5, 10.5, 8.5, 11.5], "texture": "#2"}
			}
		},
		{
			"from": [6.95, -0.25, 7.05],
			"to": [9.05, 0.75, 8.95],
			"rotation": {"angle": 0, "axis": "y", "origin": [7.05, -1.25, 7]},
			"faces": {
				"north": {"uv": [15, 8.5, 16, 9], "texture": "#2"},
				"east": {"uv": [14, 8.5, 15, 9], "texture": "#2"},
				"south": {"uv": [15, 8.5, 16, 9], "texture": "#2"},
				"west": {"uv": [14, 8.5, 15, 9], "texture": "#2"},
				"up": {"uv": [9.5, 11.5, 8.5, 10.5], "texture": "#2"},
				"down": {"uv": [15, 7.5, 14, 8.5], "texture": "#2"}
			}
		},
		{
			"from": [6.8, 8.15, 6.85],
			"to": [9.2, 9.15, 9.15],
			"rotation": {"angle": 0, "axis": "y", "origin": [7.05, 7.15, 7]},
			"faces": {
				"north": {"uv": [15, 9.5, 16, 10], "texture": "#2"},
				"east": {"uv": [14, 9.5, 15, 10], "texture": "#2"},
				"south": {"uv": [15, 9.5, 16, 10], "texture": "#2"},
				"west": {"uv": [14, 9.5, 15, 10], "texture": "#2"},
				"up": {"uv": [9.5, 11.5, 8.5, 10.5], "texture": "#2"},
				"down": {"uv": [9.5, 10.5, 8.5, 11.5], "texture": "#2"}
			}
		},
		{
			"from": [3, 18.7, 7.45],
			"to": [4, 22.4, 8.55],
			"rotation": {"angle": 22.5, "axis": "z", "origin": [6.25, 20.025, 8]},
			"faces": {
				"north": {"uv": [9, 12.5, 8.5, 14.5], "texture": "#2"},
				"east": {"uv": [9.5, 12.5, 9, 14.5], "texture": "#2"},
				"south": {"uv": [9, 12.5, 8.5, 14.5], "texture": "#2"},
				"west": {"uv": [9.5, 12.5, 9, 14.5], "texture": "#2"},
				"up": {"uv": [9.5, 15, 9, 15.5], "rotation": 90, "texture": "#2"},
				"down": {"uv": [9.5, 15, 9, 14.5], "rotation": 270, "texture": "#2"}
			}
		},
		{
			"from": [4, 18.6, 7.35],
			"to": [6.25, 20.4, 8.65],
			"rotation": {"angle": 22.5, "axis": "z", "origin": [6.25, 20.025, 8]},
			"faces": {
				"north": {"uv": [8.5, 15, 7.5, 16], "texture": "#2"},
				"east": {"uv": [6, 14, 5, 15], "texture": "#2"},
				"south": {"uv": [8.5, 15, 7.5, 16], "texture": "#2"},
				"west": {"uv": [7, 14, 6, 15], "texture": "#2"},
				"up": {"uv": [8.5, 9, 8, 10], "rotation": 90, "texture": "#2"},
				"down": {"uv": [8, 11, 7.5, 10], "rotation": 270, "texture": "#2"}
			}
		},
		{
			"from": [6, 17.95, 6.8],
			"to": [10, 20.7, 9.2],
			"rotation": {"angle": 0, "axis": "y", "origin": [8, 19.2, 8]},
			"faces": {
				"north": {"uv": [0, 10, 2.5, 12], "rotation": 180, "texture": "#2"},
				"east": {"uv": [3.5, 10, 3, 12], "rotation": 180, "texture": "#2"},
				"south": {"uv": [0, 12, 2.5, 10], "rotation": 180, "texture": "#2"},
				"west": {"uv": [3, 12, 2.5, 10], "texture": "#2"},
				"up": {"uv": [4, 10, 3.5, 12.5], "rotation": 90, "texture": "#2"},
				"down": {"uv": [4.5, 10, 4, 12.5], "rotation": 90, "texture": "#2"}
			}
		}
	],
	"gui_light": "front",
	"display": {
		"thirdperson_righthand": {
			"rotation": [0, -90, 0],
			"translation": [-0.25, -0.75, 2],
			"scale": [0.83, 0.83, 0.83]
		},
		"thirdperson_lefthand": {
			"rotation": [0, -90, 0],
			"translation": [-0.25, -0.75, 2],
			"scale": [0.73, 0.73, 0.73]
		},
		"firstperson_righthand": {
			"rotation": [0, -90, 0],
			"translation": [2, -4.5, 1.5]
		},
		"firstperson_lefthand": {
			"rotation": [0, -90, 0],
			"translation": [2, -4.5, 1.5]
		},
		"ground": {
			"translation": [0, 1.25, 0],
			"scale": [0.5, 0.5, 0.5]
		},
		"gui": {
			"rotation": [0, -180, 45],
			"translation": [-2.25, -1.5, 0]
		},
		"fixed": {
			"rotation": [0, 0, 45],
			"translation": [2.75, -2.75, 0]
		}
	}
}