{
	"format_version": "1.21.6",
	"credit": "Made with Blockbench",
	"textures": {
		"2": "item/golden_axe",
		"particle": "item/golden_axe"
	},
	"elements": [
		{
			"from": [6.98442, -7.81944, 7],
			"to": [8.98442, 20.53056, 9],
			"rotation": {"angle": 0, "axis": "z", "origin": [7.75866, 12.08806, 8]},
			"faces": {
				"north": {"uv": [4.5, 0, 5.5, 13.5], "texture": "#2"},
				"east": {"uv": [5.5, 0, 6.5, 13.5], "texture": "#2"},
				"south": {"uv": [6.5, 0, 7.5, 13.5], "texture": "#2"},
				"west": {"uv": [5.5, 0, 6.5, 13.5], "texture": "#2"},
				"up": {"uv": [10.5, 5, 9.5, 4], "texture": "#2"},
				"down": {"uv": [10.5, 0, 9.5, 1], "texture": "#2"}
			}
		},
		{
			"from": [7, 12, 7.1],
			"to": [9, 12, 8.9],
			"rotation": {"angle": 0, "axis": "y", "origin": [8, 5.5, 8]},
			"faces": {
				"north": {"uv": [2, 7, 3, 9.5], "texture": "#2"},
				"east": {"uv": [3, 7, 4, 9.5], "texture": "#2"},
				"south": {"uv": [7.5, 0, 8.5, 2.5], "texture": "#2"},
				"west": {"uv": [7.5, 2.5, 8.5, 5], "texture": "#2"},
				"up": {"uv": [10, 8, 9, 7], "texture": "#2"},
				"down": {"uv": [10, 8, 9, 9], "texture": "#2"}
			}
		},
		{
			"from": [6.75, 12.5, 6.85],
			"to": [9.25, 20, 9.15],
			"rotation": {"angle": 0, "axis": "y", "origin": [8, 14, 8]},
			"faces": {
				"north": {"uv": [0.5, 12, 2, 15.5], "texture": "#2"},
				"east": {"uv": [3, 12, 4.5, 15.5], "texture": "#2"},
				"south": {"uv": [0.5, 12, 2, 15.5], "texture": "#2"},
				"west": {"uv": [3, 12, 4.5, 15.5], "texture": "#2"},
				"up": {"uv": [16, 6.5, 15, 6], "texture": "#2"},
				"down": {"uv": [16, 6.5, 15, 7], "texture": "#2"}
			}
		},
		{
			"from": [7, 13, 7.6],
			"to": [10, 19.9, 8.4],
			"rotation": {"angle": 0, "axis": "y", "origin": [10, 14, 8]},
			"faces": {
				"north": {"uv": [1.5, 0, 3, 4.5], "texture": "#2"},
				"east": {"uv": [2.5, 0, 3, 4.475], "texture": "#2"},
				"south": {"uv": [3, 0, 1.5, 4.5], "texture": "#2"},
				"west": {"uv": [9, 0, 9.5, 4.5], "texture": "#2"},
				"up": {"uv": [10.5, 5.5, 8, 5], "texture": "#2"},
				"down": {"uv": [10.5, 5.5, 8, 6], "texture": "#2"}
			}
		},
		{
			"from": [10, 13.1, 7.85],
			"to": [15, 19.85, 8.15],
			"rotation": {"angle": 0, "axis": "z", "origin": [10, 20.35, 8]},
			"faces": {
				"north": {"uv": [10.5, 0, 13, 3.375], "texture": "#2"},
				"east": {"uv": [8.5, 6, 9, 8.5], "texture": "#2"},
				"south": {"uv": [13, 0, 10.5, 3.375], "texture": "#2"},
				"west": {"uv": [9, 0, 9.5, 3.5], "texture": "#2"},
				"up": {"uv": [11, 10, 8.5, 9.5], "texture": "#2"},
				"down": {"uv": [11, 10, 8.5, 10.5], "texture": "#2"}
			}
		},
		{
			"from": [11.35, 19.6, 7.9],
			"to": [14.85, 23.6, 8.1],
			"rotation": {"angle": 22.5, "axis": "z", "origin": [14.35, 19.725, 8]},
			"faces": {
				"north": {"uv": [14, 0, 16, 2], "texture": "#2"},
				"east": {"uv": [8.5, 6, 9, 8.5], "texture": "#2"},
				"south": {"uv": [16, 0, 14, 2], "texture": "#2"},
				"west": {"uv": [9, 0, 9.5, 3.5], "texture": "#2"},
				"up": {"uv": [10.45, 10, 8.7, 9.5], "texture": "#2"},
				"down": {"uv": [10.45, 10, 8.7, 10.5], "texture": "#2"}
			}
		},
		{
			"from": [11.70403, 11.08882, 7.9],
			"to": [15.20403, 15.08882, 8.1],
			"rotation": {"angle": -22.5, "axis": "z", "origin": [10.85, 14.975, 8]},
			"faces": {
				"north": {"uv": [14, 2, 16, 0], "texture": "#2"},
				"east": {"uv": [9, 6, 8.5, 8.5], "texture": "#2"},
				"south": {"uv": [16, 2, 14, 0], "texture": "#2"},
				"west": {"uv": [9.5, 0, 9, 3.5], "texture": "#2"},
				"up": {"uv": [10.45, 9.5, 8.7, 10], "texture": "#2"},
				"down": {"uv": [10.45, 10.5, 8.7, 10], "texture": "#2"}
			}
		},
		{
			"from": [6, 13, 7.6],
			"to": [9, 19.9, 8.4],
			"rotation": {"angle": 0, "axis": "y", "origin": [6, 14, 8]},
			"faces": {
				"north": {"uv": [3, 0, 1.5, 4.5], "texture": "#2"},
				"east": {"uv": [9.5, 0, 9, 4.5], "texture": "#2"},
				"south": {"uv": [1.5, 0, 3, 4.5], "texture": "#2"},
				"west": {"uv": [3, 0, 2.5, 4.475], "texture": "#2"},
				"up": {"uv": [8, 5.5, 10.5, 5], "texture": "#2"},
				"down": {"uv": [8, 5.5, 10.5, 6], "texture": "#2"}
			}
		},
		{
			"from": [1, 13.1, 7.85],
			"to": [6, 19.85, 8.15],
			"rotation": {"angle": 0, "axis": "z", "origin": [6, 20.35, 8]},
			"faces": {
				"north": {"uv": [13, 3.375, 10.5, 0], "texture": "#2"},
				"east": {"uv": [9.5, 0, 9, 3.5], "texture": "#2"},
				"south": {"uv": [10.5, 3.375, 13, 0], "texture": "#2"},
				"west": {"uv": [9, 6, 8.5, 8.5], "texture": "#2"},
				"up": {"uv": [8.5, 10, 11, 9.5], "texture": "#2"},
				"down": {"uv": [8.5, 10, 11, 10.5], "texture": "#2"}
			}
		},
		{
			"from": [1.15, 19.6, 7.9],
			"to": [4.65, 23.6, 8.1],
			"rotation": {"angle": -22.5, "axis": "z", "origin": [1.65, 19.725, 8]},
			"faces": {
				"north": {"uv": [16, 2, 14, 4], "texture": "#2"},
				"east": {"uv": [9.5, 0, 9, 3.5], "texture": "#2"},
				"south": {"uv": [14, 2, 16, 4], "texture": "#2"},
				"west": {"uv": [9, 6, 8.5, 8.5], "texture": "#2"},
				"up": {"uv": [8.7, 10, 10.45, 9.5], "texture": "#2"},
				"down": {"uv": [8.7, 10, 10.45, 10.5], "texture": "#2"}
			}
		},
		{
			"from": [0.79597, 11.08882, 7.9],
			"to": [4.29597, 15.08882, 8.1],
			"rotation": {"angle": 22.5, "axis": "z", "origin": [5.15, 14.975, 8]},
			"faces": {
				"north": {"uv": [16, 4, 14, 2], "texture": "#2"},
				"east": {"uv": [9, 0, 9.5, 3.5], "texture": "#2"},
				"south": {"uv": [14, 4, 16, 2], "texture": "#2"},
				"west": {"uv": [8.5, 6, 9, 8.5], "texture": "#2"},
				"up": {"uv": [8.7, 9.5, 10.45, 10], "texture": "#2"},
				"down": {"uv": [8.7, 10.5, 10.45, 10], "texture": "#2"}
			}
		},
		{
			"from": [6.63186, -4.11592, 6.65],
			"to": [9.33186, -3.11592, 9.35],
			"rotation": {"angle": 0, "axis": "z", "origin": [7.75866, 6.08806, 8]},
			"faces": {
				"north": {"uv": [15, 9.5, 16, 10], "texture": "#2"},
				"east": {"uv": [13, 9.5, 14, 10], "texture": "#2"},
				"south": {"uv": [15, 9.5, 16, 10], "texture": "#2"},
				"west": {"uv": [14, 9.5, 15, 10], "texture": "#2"},
				"up": {"uv": [10, 12, 9, 11], "texture": "#2"},
				"down": {"uv": [11, 11, 10, 12], "texture": "#2"}
			}
		},
		{
			"from": [6.88186, -8.11592, 6.9],
			"to": [9.08186, -7.11592, 9.1],
			"rotation": {"angle": 0, "axis": "z", "origin": [7.75866, 2.08806, 8]},
			"faces": {
				"north": {"uv": [15, 8.5, 16, 9], "texture": "#2"},
				"east": {"uv": [13, 8.5, 14, 9], "texture": "#2"},
				"south": {"uv": [15, 8.5, 16, 9], "texture": "#2"},
				"west": {"uv": [14, 8.5, 15, 9], "texture": "#2"},
				"up": {"uv": [8.5, 12, 7.5, 11], "texture": "#2"},
				"down": {"uv": [15, 7.5, 14, 8.5], "texture": "#2"}
			}
		},
		{
			"from": [6.88186, -3.11592, 6.9],
			"to": [9.08186, 9.88408, 9.1],
			"rotation": {"angle": 0, "axis": "z", "origin": [7.75866, 12.08806, 8]},
			"faces": {
				"north": {"uv": [15, 10, 14, 16], "texture": "#2"},
				"east": {"uv": [15, 10, 16, 16], "texture": "#2"},
				"south": {"uv": [14, 10, 15, 16], "texture": "#2"},
				"west": {"uv": [13, 10, 14, 16], "texture": "#2"},
				"up": {"uv": [10, 12, 9, 11], "texture": "#2"},
				"down": {"uv": [11, 11, 10, 12], "texture": "#2"}
			}
		},
		{
			"from": [6.63186, 9.88408, 6.65],
			"to": [9.33186, 10.88408, 9.35],
			"rotation": {"angle": 0, "axis": "z", "origin": [7.75866, 14.08806, 8]},
			"faces": {
				"north": {"uv": [15, 9.5, 16, 10], "texture": "#2"},
				"east": {"uv": [13, 9.5, 14, 10], "texture": "#2"},
				"south": {"uv": [15, 9.5, 16, 10], "texture": "#2"},
				"west": {"uv": [14, 9.5, 15, 10], "texture": "#2"},
				"up": {"uv": [10, 12, 9, 11], "texture": "#2"},
				"down": {"uv": [11, 11, 10, 12], "texture": "#2"}
			}
		},
		{
			"from": [7.95, 15.25, 7.75],
			"to": [11.45, 18.75, 8.25],
			"rotation": {"angle": -45, "axis": "z", "origin": [9.2, 16.5, 8]},
			"faces": {
				"north": {"uv": [11.25, 14.25, 9.5, 12.5], "rotation": 180, "texture": "#2"},
				"east": {"uv": [9, 14, 6.5, 16], "rotation": 180, "texture": "#2"},
				"south": {"uv": [11.25, 12.5, 9.5, 14.25], "texture": "#2"},
				"west": {"uv": [9, 16, 6.5, 14], "rotation": 180, "texture": "#2"},
				"up": {"uv": [7.5, 12.5, 8, 14], "texture": "#2"},
				"down": {"uv": [8, 12.5, 8.5, 14], "rotation": 180, "texture": "#2"}
			}
		},
		{
			"from": [4.55, 15.25, 7.75],
			"to": [8.05, 18.75, 8.25],
			"rotation": {"angle": 45, "axis": "z", "origin": [6.8, 16.5, 8]},
			"faces": {
				"north": {"uv": [9.5, 14.25, 11.25, 12.5], "rotation": 180, "texture": "#2"},
				"east": {"uv": [6.5, 16, 9, 14], "rotation": 180, "texture": "#2"},
				"south": {"uv": [9.5, 12.5, 11.25, 14.25], "texture": "#2"},
				"west": {"uv": [6.5, 14, 9, 16], "rotation": 180, "texture": "#2"},
				"up": {"uv": [8, 12.5, 7.5, 14], "texture": "#2"},
				"down": {"uv": [8.5, 12.5, 8, 14], "rotation": 180, "texture": "#2"}
			}
		}
	],
	"gui_light": "front",
	"display": {
		"thirdperson_righthand": {
			"rotation": [0, 90, 0],
			"translation": [-0.5, 0, 1.25],
			"scale": [0.84, 0.84, 0.84]
		},
		"thirdperson_lefthand": {
			"rotation": [19, -90, 0],
			"translation": [-0.25, 0, 2],
			"scale": [0.73, 0.73, 0.73]
		},
		"firstperson_righthand": {
			"rotation": [-3, 90, 0],
			"translation": [2, -1.75, 2],
			"scale": [0.73, 0.73, 0.73]
		},
		"firstperson_lefthand": {
			"rotation": [-3, -90, 0],
			"translation": [2.25, -1.75, 2],
			"scale": [0.73, 0.73, 0.73]
		},
		"ground": {
			"translation": [0, 1.25, 0],
			"scale": [0.5, 0.5, 0.5]
		},
		"gui": {
			"rotation": [0, -180, 45],
			"translation": [-0.75, 0, 0],
			"scale": [0.66, 0.66, 0.66]
		},
		"fixed": {
			"rotation": [0, 0, 45],
			"translation": [1, -1, 0],
			"scale": [0.73, 0.73, 0.73]
		}
	}
}