{
	"format_version": "1.21.6",
	"credit": "Made with Blockbench",
	"parent": "minecraft:item/spear_in_hand",
	"textures": {
		"2": "item/golden_spear_in_hand",
		"particle": "item/golden_spear_in_hand"
	},
	"elements": [
		{
			"from": [7, -12.5, 7.1],
			"to": [9, 23, 8.9],
			"rotation": {"angle": 0, "axis": "y", "origin": [8, 5.5, 8]},
			"faces": {
				"north": {"uv": [4.5, 0, 5.5, 16], "texture": "#2"},
				"east": {"uv": [5.5, 16, 6.5, 0], "texture": "#2"},
				"south": {"uv": [4.5, 0, 5.5, 16], "texture": "#2"},
				"west": {"uv": [5.5, 16, 6.5, 0], "texture": "#2"},
				"up": {"uv": [11.5, 2.5, 10.5, 1.5], "texture": "#2"},
				"down": {"uv": [11.5, 1, 10.5, 2], "texture": "#2"}
			}
		},
		{
			"from": [6, 27.75, 7.65],
			"to": [10, 31.75, 8.35],
			"rotation": {"angle": -45, "axis": "z", "origin": [8, 29.75, 8]},
			"faces": {
				"north": {"uv": [2, 11, 0, 9], "rotation": 270, "texture": "#2"},
				"east": {"uv": [1.5, 9, 2, 11], "texture": "#2"},
				"south": {"uv": [2, 9, 0, 11], "rotation": 270, "texture": "#2"},
				"west": {"uv": [0, 8, 0.5, 10], "texture": "#2"},
				"up": {"uv": [0.5, 8.5, 0, 6.5], "rotation": 270, "texture": "#2"},
				"down": {"uv": [1.5, 11, 2, 9], "rotation": 90, "texture": "#2"}
			}
		},
		{
			"from": [7, 24, 7.4],
			"to": [9, 26, 8.6],
			"rotation": {"angle": -45, "axis": "z", "origin": [8, 25, 8]},
			"faces": {
				"north": {"uv": [0.5, 9.5, 1.5, 10.5], "texture": "#2"},
				"east": {"uv": [0, 9, 0.5, 10], "texture": "#2"},
				"south": {"uv": [1.5, 9.5, 0.5, 10.5], "texture": "#2"},
				"west": {"uv": [1.5, 9, 2, 10], "texture": "#2"},
				"up": {"uv": [2, 10, 1.5, 9], "rotation": 270, "texture": "#2"},
				"down": {"uv": [0, 10, 0.5, 9], "rotation": 90, "texture": "#2"}
			}
		},
		{
			"from": [6, 24, 7.75],
			"to": [10, 29, 8.25],
			"rotation": {"angle": 0, "axis": "y", "origin": [8, 19.75, 8]},
			"faces": {
				"north": {"uv": [2, 6, 0, 8.5], "texture": "#2"},
				"east": {"uv": [1.5, 5.5, 2, 8], "texture": "#2"},
				"south": {"uv": [0, 6, 2, 8.5], "texture": "#2"},
				"west": {"uv": [0, 6.5, 0.5, 9], "texture": "#2"},
				"up": {"uv": [3.5, 8, 3, 7], "rotation": 270, "texture": "#2"},
				"down": {"uv": [2.5, 5, 2, 7], "rotation": 90, "texture": "#2"}
			}
		},
		{
			"from": [6.791, 1.86251, 6.675],
			"to": [9.191, 2.86251, 9.475],
			"rotation": {"angle": 0, "axis": "y", "origin": [7.991, 2.36251, 8]},
			"faces": {
				"north": {"uv": [1, 13.5, 1.5, 12.5], "rotation": 90, "texture": "#2"},
				"east": {"uv": [1.5, 14.5, 1, 13.5], "rotation": 90, "texture": "#2"},
				"south": {"uv": [1.5, 12.5, 2, 13.5], "rotation": 90, "texture": "#2"},
				"west": {"uv": [1, 14.5, 1.5, 13.5], "rotation": 270, "texture": "#2"},
				"up": {"uv": [11, 7, 10, 8], "texture": "#2"},
				"down": {"uv": [12.5, 7, 11.5, 8], "rotation": 180, "texture": "#2"}
			}
		},
		{
			"from": [6.791, 11.86251, 6.675],
			"to": [9.191, 12.86251, 9.475],
			"rotation": {"angle": 0, "axis": "y", "origin": [7.991, 12.36251, 8]},
			"faces": {
				"north": {"uv": [1, 13.5, 1.5, 12.5], "rotation": 90, "texture": "#2"},
				"east": {"uv": [1.5, 14.5, 1, 13.5], "rotation": 90, "texture": "#2"},
				"south": {"uv": [1.5, 12.5, 2, 13.5], "rotation": 90, "texture": "#2"},
				"west": {"uv": [1, 14.5, 1.5, 13.5], "rotation": 270, "texture": "#2"},
				"up": {"uv": [11, 7, 10, 8], "texture": "#2"},
				"down": {"uv": [12.5, 7, 11.5, 8], "rotation": 180, "texture": "#2"}
			}
		},
		{
			"from": [6.85, 2.15, 6.75],
			"to": [9.15, 12, 9.25],
			"rotation": {"angle": 0, "axis": "y", "origin": [8, 5.5, 8]},
			"faces": {
				"north": {"uv": [8, 14.5, 9, 10.5], "texture": "#2"},
				"east": {"uv": [12, 10, 11, 14], "texture": "#2"},
				"south": {"uv": [10, 14.5, 11, 10.5], "texture": "#2"},
				"west": {"uv": [9, 10, 10, 14], "texture": "#2"}
			}
		},
		{
			"from": [6.75, -13.25, 7.05],
			"to": [9.25, -12.25, 8.95],
			"rotation": {"angle": 0, "axis": "y", "origin": [8, -12.72144, 8]},
			"faces": {
				"north": {"uv": [8, 15.5, 7, 16], "texture": "#2"},
				"east": {"uv": [9, 15.5, 9.5, 16], "texture": "#2"},
				"south": {"uv": [10, 15.5, 9, 16], "texture": "#2"},
				"west": {"uv": [9.5, 15.5, 10, 16], "texture": "#2"},
				"up": {"uv": [8, 16, 7, 15.5], "rotation": 270, "texture": "#2"},
				"down": {"uv": [8, 15.5, 7, 16], "rotation": 90, "texture": "#2"}
			}
		},
		{
			"from": [6.5, -16, 7.15],
			"to": [9.5, -13, 8.85],
			"rotation": {"angle": 0, "axis": "y", "origin": [8, -13.69289, 8]},
			"faces": {
				"north": {"uv": [1.5, 11, 0, 12.5], "rotation": 90, "texture": "#2"},
				"east": {"uv": [1, 14, 0.5, 12.5], "texture": "#2"},
				"south": {"uv": [0, 11, 1.5, 12.5], "rotation": 270, "texture": "#2"},
				"west": {"uv": [1, 12.5, 0.5, 14], "rotation": 180, "texture": "#2"},
				"up": {"uv": [0, 13, 0.5, 14.5], "rotation": 270, "texture": "#2"},
				"down": {"uv": [0.5, 12.5, 1, 14], "rotation": 270, "texture": "#2"}
			}
		},
		{
			"from": [5.95, 22.55, 7.05],
			"to": [10.05, 25.05, 8.95],
			"rotation": {"angle": 0, "axis": "z", "origin": [8.05, 23.25, 8]},
			"faces": {
				"north": {"uv": [2, 14.5, 4.5, 12.5], "texture": "#2"},
				"east": {"uv": [1, 14, 0.5, 16], "texture": "#2"},
				"south": {"uv": [2, 12.5, 4.5, 14.5], "texture": "#2"},
				"west": {"uv": [1, 16, 0.5, 14], "rotation": 180, "texture": "#2"},
				"up": {"uv": [2, 13.5, 1.5, 16], "rotation": 90, "texture": "#2"},
				"down": {"uv": [2, 13.5, 1.5, 16], "rotation": 90, "texture": "#2"}
			}
		},
		{
			"from": [5, 22.85, 7.35],
			"to": [11, 24.65, 8.65],
			"rotation": {"angle": 0, "axis": "z", "origin": [8, 23.25, 8]},
			"faces": {
				"north": {"uv": [15, 6, 12, 7], "rotation": 180, "texture": "#2"},
				"east": {"uv": [13, 5, 12.5, 6], "rotation": 180, "texture": "#2"},
				"south": {"uv": [15, 6, 12, 7], "rotation": 180, "texture": "#2"},
				"west": {"uv": [13, 5, 12.5, 6], "rotation": 180, "texture": "#2"},
				"up": {"uv": [14.5, 4, 14, 1], "rotation": 270, "texture": "#2"},
				"down": {"uv": [15, 0, 14.5, 3], "rotation": 90, "texture": "#2"}
			}
		},
		{
			"from": [4, 20.85, 7.45],
			"to": [5, 24.55, 8.55],
			"rotation": {"angle": 0, "axis": "z", "origin": [10, 23.25, 8]},
			"faces": {
				"north": {"uv": [15.5, 3.5, 15, 5.5], "rotation": 180, "texture": "#2"},
				"east": {"uv": [16, 3.5, 15.5, 5.5], "rotation": 180, "texture": "#2"},
				"south": {"uv": [15.5, 3.5, 15, 5.5], "rotation": 180, "texture": "#2"},
				"west": {"uv": [16, 3.5, 15.5, 5.5], "rotation": 180, "texture": "#2"},
				"up": {"uv": [16, 6, 15.5, 5.5], "rotation": 270, "texture": "#2"},
				"down": {"uv": [16, 6, 15.5, 6.5], "rotation": 90, "texture": "#2"}
			}
		},
		{
			"from": [11, 20.85, 7.45],
			"to": [12, 24.55, 8.55],
			"rotation": {"angle": 0, "axis": "z", "origin": [6, 23.25, 8]},
			"faces": {
				"north": {"uv": [15, 3.5, 15.5, 5.5], "rotation": 180, "texture": "#2"},
				"east": {"uv": [15.5, 3.5, 16, 5.5], "rotation": 180, "texture": "#2"},
				"south": {"uv": [15, 3.5, 15.5, 5.5], "rotation": 180, "texture": "#2"},
				"west": {"uv": [15.5, 3.5, 16, 5.5], "rotation": 180, "texture": "#2"},
				"up": {"uv": [16, 5.5, 15.5, 6], "rotation": 270, "texture": "#2"},
				"down": {"uv": [16, 6.5, 15.5, 6], "rotation": 90, "texture": "#2"}
			}
		}
	],
	"display": {
		"thirdperson_righthand": {
			"rotation": [0, 90, 0],
			"translation": [-0.25, -1.5, 1.75],
			"scale": [0.73, 0.73, 0.73]
		},
		"thirdperson_lefthand": {
			"rotation": [0, 90, 0],
			"translation": [-0.25, -1.5, 1.75],
			"scale": [0.73, 0.73, 0.73]
		},
		"firstperson_righthand": {
			"rotation": [0, -90, 0],
			"translation": [1.75, -1.75, 0],
			"scale": [0.73, 0.73, 0.73]
		},
		"firstperson_lefthand": {
			"rotation": [0, -90, 0],
			"translation": [1.75, -1.75, 0],
			"scale": [0.73, 0.73, 0.73]
		},
		"ground": {
			"translation": [0, 8, 0],
			"scale": [0.5, 0.5, 0.5]
		},
		"gui": {
			"rotation": [0, 0, -45],
			"scale": [0.44, 0.44, 0.44]
		},
		"fixed": {
			"rotation": [0, 0, 45],
			"translation": [-0.25, 0.25, 0],
			"scale": [0.55, 0.55, 0.55]
		}
	}
}