{
	"format_version": "1.21.6",
	"credit": "Made with Blockbench",
	"textures": {
		"2": "item/golden_sword",
		"particle": "item/golden_sword"
	},
	"elements": [
		{
			"from": [7.5, 0, 7],
			"to": [8.5, 9, 9],
			"rotation": {"angle": 0, "axis": "y", "origin": [7, 0, 7]},
			"faces": {
				"north": {"uv": [2.5, 0, 3, 5], "texture": "#2"},
				"east": {"uv": [5, 0, 6, 5], "texture": "#2"},
				"south": {"uv": [4, 0, 4.5, 5], "texture": "#2"},
				"west": {"uv": [5, 0, 6, 5], "texture": "#2"},
				"up": {"uv": [4, 7, 3, 6], "texture": "#2"},
				"down": {"uv": [7, 3, 6, 4], "texture": "#2"}
			}
		},
		{
			"from": [7.4, 0.5, 6.85],
			"to": [8.6, 7.2, 9.15],
			"rotation": {"angle": 0, "axis": "y", "origin": [7.05, 0.5, 7]},
			"faces": {
				"north": {"uv": [4, 8.5, 5, 11.5], "texture": "#2"},
				"east": {"uv": [3, 8.5, 4, 11.5], "texture": "#2"},
				"south": {"uv": [6, 8.5, 7, 11.5], "texture": "#2"},
				"west": {"uv": [5, 8.5, 6, 11.5], "texture": "#2"},
				"up": {"uv": [5, 8.5, 4, 7.5], "texture": "#2"},
				"down": {"uv": [6, 7.5, 5, 8.5], "texture": "#2"}
			}
		},
		{
			"from": [7.3, -0.25, 6.75],
			"to": [8.7, 0.75, 9.25],
			"rotation": {"angle": 0, "axis": "y", "origin": [7.05, -1.25, 7]},
			"faces": {
				"north": {"uv": [5, 12, 5.5, 12.5], "texture": "#2"},
				"east": {"uv": [3, 12, 4, 12.5], "texture": "#2"},
				"south": {"uv": [6.5, 12, 7, 12.5], "texture": "#2"},
				"west": {"uv": [5, 12, 6, 12.5], "texture": "#2"},
				"up": {"uv": [5, 8.5, 4, 7.5], "texture": "#2"},
				"down": {"uv": [6, 7.5, 5, 8.5], "texture": "#2"}
			}
		},
		{
			"from": [7.75, 9, 6],
			"to": [8.25, 27, 10],
			"rotation": {"angle": 0, "axis": "y", "origin": [7, -1, 7]},
			"faces": {
				"north": {"uv": [0, 0.5, 0.5, 9.5], "texture": "#2"},
				"east": {"uv": [2, 0, 0, 9], "texture": "#2"},
				"south": {"uv": [1.5, 0.5, 2, 9.5], "texture": "#2"},
				"west": {"uv": [0, 0, 2, 9], "texture": "#2"},
				"up": {"uv": [3.5, 8, 3, 7], "texture": "#2"},
				"down": {"uv": [2.5, 5, 2, 7], "texture": "#2"}
			}
		},
		{
			"from": [7.65, 25.25, 6],
			"to": [8.35, 29.25, 10],
			"rotation": {"angle": -45, "axis": "x", "origin": [8, 27.25, 8]},
			"faces": {
				"north": {"uv": [1.5, 9, 2, 11], "texture": "#2"},
				"east": {"uv": [2, 9, 0, 11], "texture": "#2"},
				"south": {"uv": [2.5, 5, 3, 7], "texture": "#2"},
				"west": {"uv": [0, 9, 2, 11], "texture": "#2"},
				"up": {"uv": [0.5, 2, 0, 0], "texture": "#2"},
				"down": {"uv": [2.5, 5, 3, 7], "texture": "#2"}
			}
		},
		{
			"from": [7.65, 8.65, 6],
			"to": [8.35, 11.65, 9],
			"rotation": {"angle": -45, "axis": "x", "origin": [8, 10.65, 8]},
			"faces": {
				"north": {"uv": [2, 5, 2.5, 7], "texture": "#2"},
				"east": {"uv": [2, 9, 0, 11], "texture": "#2"},
				"south": {"uv": [2.5, 5, 3, 7], "texture": "#2"},
				"west": {"uv": [0, 9, 2, 11], "texture": "#2"},
				"up": {"uv": [3, 7, 2.5, 5], "texture": "#2"},
				"down": {"uv": [2.5, 5, 2, 7], "texture": "#2"}
			}
		},
		{
			"from": [7.15, -3.19289, 6.5],
			"to": [8.85, -0.19289, 9.5],
			"rotation": {"angle": 0, "axis": "x", "origin": [8, -1.69289, 8]},
			"faces": {
				"north": {"uv": [0.5, 14.5, 0, 13], "rotation": 180, "texture": "#2"},
				"east": {"uv": [1.5, 11, 0, 12.5], "rotation": 90, "texture": "#2"},
				"south": {"uv": [1, 12.5, 0.5, 14], "texture": "#2"},
				"west": {"uv": [0, 11, 1.5, 12.5], "rotation": 270, "texture": "#2"},
				"up": {"uv": [0, 13, 0.5, 14.5], "texture": "#2"},
				"down": {"uv": [0.5, 12.5, 1, 14], "rotation": 180, "texture": "#2"}
			}
		},
		{
			"from": [7.4, 8.5, 5.75],
			"to": [8.6, 10, 10.25],
			"rotation": {"angle": 0, "axis": "y", "origin": [7, -1, 7]},
			"faces": {
				"north": {"uv": [8.5, 1, 9, 1.5], "texture": "#2"},
				"east": {"uv": [9.5, 0.5, 7.5, 1], "texture": "#2"},
				"south": {"uv": [9, 1, 9.5, 1.5], "texture": "#2"},
				"west": {"uv": [7.5, 0.5, 9.5, 1], "texture": "#2"},
				"up": {"uv": [10, 2.5, 9.5, 0.5], "texture": "#2"},
				"down": {"uv": [2.5, 5, 2, 7], "texture": "#2"}
			}
		},
		{
			"from": [7.05, 6.7, 6],
			"to": [8.95, 9.2, 10],
			"rotation": {"angle": 0, "axis": "x", "origin": [8, 7.7, 8]},
			"faces": {
				"north": {"uv": [1, 12.5, 0.5, 14], "rotation": 180, "texture": "#2"},
				"east": {"uv": [3.5, 12.5, 1, 14.5], "rotation": 180, "texture": "#2"},
				"south": {"uv": [0.5, 14.5, 0, 13], "texture": "#2"},
				"west": {"uv": [1, 12.5, 3.5, 14.5], "rotation": 180, "texture": "#2"},
				"up": {"uv": [0.5, 12.5, 0, 14], "texture": "#2"},
				"down": {"uv": [1, 12.5, 0.5, 14], "rotation": 180, "texture": "#2"}
			}
		},
		{
			"from": [7.35, 7.1, 3],
			"to": [8.65, 8.9, 13],
			"rotation": {"angle": 0, "axis": "y", "origin": [7, 0, 9]},
			"faces": {
				"north": {"uv": [6, 13.5, 5, 14.5], "texture": "#2"},
				"east": {"uv": [8.5, 14.5, 3.5, 15.5], "texture": "#2"},
				"south": {"uv": [7, 13.5, 6, 14.5], "texture": "#2"},
				"west": {"uv": [8.5, 14.5, 3.5, 15.5], "texture": "#2"},
				"up": {"uv": [8.5, 8.5, 8, 13.5], "texture": "#2"},
				"down": {"uv": [8, 14.5, 7.5, 9.5], "texture": "#2"}
			}
		},
		{
			"from": [7.45, 7.2, 13],
			"to": [8.55, 10.9, 14],
			"rotation": {"angle": 0, "axis": "y", "origin": [7, 0, 9]},
			"faces": {
				"north": {"uv": [9.5, 12, 9, 14], "texture": "#2"},
				"east": {"uv": [9, 12, 8.5, 14], "texture": "#2"},
				"south": {"uv": [9.5, 12, 9, 14], "texture": "#2"},
				"west": {"uv": [9, 12, 8.5, 14], "texture": "#2"},
				"up": {"uv": [9.5, 14.5, 9, 15], "texture": "#2"},
				"down": {"uv": [9.5, 14.5, 9, 14], "texture": "#2"}
			}
		},
		{
			"from": [7.45, 7.2, 2],
			"to": [8.55, 10.9, 3],
			"rotation": {"angle": 0, "axis": "y", "origin": [7, 0, 7]},
			"faces": {
				"north": {"uv": [9, 12, 9.5, 14], "texture": "#2"},
				"east": {"uv": [8.5, 12, 9, 14], "texture": "#2"},
				"south": {"uv": [9, 12, 9.5, 14], "texture": "#2"},
				"west": {"uv": [8.5, 12, 9, 14], "texture": "#2"},
				"up": {"uv": [9.5, 15, 9, 14.5], "texture": "#2"},
				"down": {"uv": [9.5, 14, 9, 14.5], "texture": "#2"}
			}
		}
	],
	"gui_light": "front",
	"display": {
		"thirdperson_righthand": {
			"rotation": [0, -180, 0],
			"translation": [0, 1.5, 1.5],
			"scale": [0.83, 0.83, 0.83]
		},
		"thirdperson_lefthand": {
			"translation": [0, 1.5, 1.5]
		},
		"firstperson_righthand": {
			"translation": [4, 0, 0],
			"scale": [0.73, 0.73, 0.73]
		},
		"firstperson_lefthand": {
			"translation": [4, 0, 0],
			"scale": [0.73, 0.73, 0.73]
		},
		"ground": {
			"translation": [0, 1.25, 0],
			"scale": [0.5, 0.5, 0.5]
		},
		"gui": {
			"rotation": [-90, -43.25, -90],
			"translation": [-3.5, -3.25, 0],
			"scale": [0.72, 0.72, 0.72]
		},
		"fixed": {
			"rotation": [90, -45, 90],
			"translation": [3.5, -3.25, 0],
			"scale": [0.85, 0.85, 0.85]
		}
	}
}