{
	"format_version": "1.21.6",
	"credit": "Made with Blockbench",
	"parent": "minecraft:item/spear_in_hand",
	"textures": {
		"2": "item/iron_spear_in_hand",
		"particle": "item/iron_spear_in_hand"
	},
	"elements": [
		{
			"from": [7, -12.5, 7.1],
			"to": [9, 23, 8.9],
			"rotation": {"angle": 0, "axis": "y", "origin": [8, 5.5, 8]},
			"faces": {
				"north": {"uv": [4.5, 0, 5.5, 16], "texture": "#2"},
				"east": {"uv": [5.5, 16, 6.5, 0], "texture": "#2"},
				"south": {"uv": [4.5, 0, 5.5, 16], "texture": "#2"},
				"west": {"uv": [5.5, 16, 6.5, 0], "texture": "#2"},
				"up": {"uv": [11.5, 2.5, 10.5, 1.5], "texture": "#2"},
				"down": {"uv": [11.5, 1, 10.5, 2], "texture": "#2"}
			}
		},
		{
			"from": [6, 27.75, 7.65],
			"to": [10, 31.75, 8.35],
			"rotation": {"angle": -45, "axis": "z", "origin": [8, 29.75, 8]},
			"faces": {
				"north": {"uv": [0, 9, 2, 11], "texture": "#2"},
				"east": {"uv": [0, 9, 0.5, 11], "texture": "#2"},
				"south": {"uv": [2, 9, 0, 11], "texture": "#2"},
				"west": {"uv": [1.5, 8, 2, 10], "texture": "#2"},
				"up": {"uv": [2, 11, 1.5, 9], "rotation": 270, "texture": "#2"},
				"down": {"uv": [0, 11, 0.5, 9], "rotation": 90, "texture": "#2"}
			}
		},
		{
			"from": [5.75, 22.5, 7.4],
			"to": [10.25, 24, 8.6],
			"rotation": {"angle": 0, "axis": "y", "origin": [8, 31.75, 8]},
			"faces": {
				"north": {"uv": [0, 0.5, 2, 1], "texture": "#2"},
				"east": {"uv": [2, 1.5, 2.5, 2], "texture": "#2"},
				"south": {"uv": [2, 0.5, 0, 1], "texture": "#2"},
				"west": {"uv": [1.5, 2, 2, 2.5], "texture": "#2"},
				"up": {"uv": [2, 7, 1.5, 5], "rotation": 270, "texture": "#2"},
				"down": {"uv": [2.5, 5, 2, 7], "rotation": 90, "texture": "#2"}
			}
		},
		{
			"from": [6.75, 21.9, 6.9],
			"to": [9.25, 24.1, 9.1],
			"rotation": {"angle": 0, "axis": "y", "origin": [8, 31.75, 8]},
			"faces": {
				"north": {"uv": [2, 0.5, 1, 1], "texture": "#2"},
				"east": {"uv": [2, 5, 2.5, 5.5], "texture": "#2"},
				"south": {"uv": [1, 0.5, 2, 1], "texture": "#2"},
				"west": {"uv": [2, 5, 2.5, 5.5], "texture": "#2"},
				"up": {"uv": [1.5, 4, 0.5, 3], "rotation": 270, "texture": "#2"},
				"down": {"uv": [1.5, 3, 0.5, 4], "rotation": 90, "texture": "#2"}
			}
		},
		{
			"from": [6, 24, 7.75],
			"to": [10, 29, 8.25],
			"rotation": {"angle": 0, "axis": "y", "origin": [8, 19.75, 8]},
			"faces": {
				"north": {"uv": [2, 6, 0, 8.5], "texture": "#2"},
				"east": {"uv": [1.5, 5.5, 2, 8], "texture": "#2"},
				"south": {"uv": [0, 6, 2, 8.5], "texture": "#2"},
				"west": {"uv": [0, 6.5, 0.5, 9], "texture": "#2"},
				"up": {"uv": [3.5, 8, 3, 7], "rotation": 270, "texture": "#2"},
				"down": {"uv": [2.5, 5, 2, 7], "rotation": 90, "texture": "#2"}
			}
		},
		{
			"from": [6.75, -13.9, 6.75],
			"to": [9.25, -12.4, 9.25],
			"rotation": {"angle": 0, "axis": "y", "origin": [8, -12.65, 8]},
			"faces": {
				"north": {"uv": [0.5, 9, 1.5, 8.5], "texture": "#2"},
				"east": {"uv": [0.5, 2.5, 1.5, 3], "texture": "#2"},
				"south": {"uv": [1.5, 9, 0.5, 8.5], "texture": "#2"},
				"west": {"uv": [1, 8.5, 2, 9], "texture": "#2"},
				"up": {"uv": [1, 1, 0, 0], "rotation": 90, "texture": "#2"},
				"down": {"uv": [1, 0, 0, 1], "rotation": 270, "texture": "#2"}
			}
		},
		{
			"from": [6.35, -15.75, 7.4],
			"to": [9.35, -12.75, 8.6],
			"rotation": {"angle": -45, "axis": "z", "origin": [7.35, -14.75, 8]},
			"faces": {
				"north": {"uv": [0, 12.5, 1.5, 11], "texture": "#2"},
				"east": {"uv": [0, 12.5, 0.5, 11], "texture": "#2"},
				"south": {"uv": [1.5, 12.5, 0, 11], "texture": "#2"},
				"west": {"uv": [0, 12.5, 0.5, 11], "texture": "#2"},
				"up": {"uv": [0.5, 12.5, 0, 11], "rotation": 270, "texture": "#2"},
				"down": {"uv": [0, 11, 0.5, 12.5], "rotation": 90, "texture": "#2"}
			}
		},
		{
			"from": [6.791, 1.86251, 6.675],
			"to": [9.191, 2.86251, 9.475],
			"rotation": {"angle": 0, "axis": "y", "origin": [7.991, 2.36251, 8]},
			"faces": {
				"north": {"uv": [1, 13.5, 1.5, 12.5], "rotation": 90, "texture": "#2"},
				"east": {"uv": [1.5, 14.5, 1, 13.5], "rotation": 90, "texture": "#2"},
				"south": {"uv": [1.5, 12.5, 2, 13.5], "rotation": 90, "texture": "#2"},
				"west": {"uv": [1, 14.5, 1.5, 13.5], "rotation": 270, "texture": "#2"},
				"up": {"uv": [11, 7, 10, 8], "texture": "#2"},
				"down": {"uv": [12.5, 7, 11.5, 8], "rotation": 180, "texture": "#2"}
			}
		},
		{
			"from": [6.791, 11.86251, 6.675],
			"to": [9.191, 12.86251, 9.475],
			"rotation": {"angle": 0, "axis": "y", "origin": [7.991, 12.36251, 8]},
			"faces": {
				"north": {"uv": [1, 13.5, 1.5, 12.5], "rotation": 90, "texture": "#2"},
				"east": {"uv": [1.5, 14.5, 1, 13.5], "rotation": 90, "texture": "#2"},
				"south": {"uv": [1.5, 12.5, 2, 13.5], "rotation": 90, "texture": "#2"},
				"west": {"uv": [1, 14.5, 1.5, 13.5], "rotation": 270, "texture": "#2"},
				"up": {"uv": [11, 7, 10, 8], "texture": "#2"},
				"down": {"uv": [12.5, 7, 11.5, 8], "rotation": 180, "texture": "#2"}
			}
		},
		{
			"from": [6.85, 2.15, 6.75],
			"to": [9.15, 12, 9.25],
			"rotation": {"angle": 0, "axis": "y", "origin": [8, 5.5, 8]},
			"faces": {
				"north": {"uv": [8, 14.5, 9, 10.5], "texture": "#2"},
				"east": {"uv": [12, 10, 11, 14], "texture": "#2"},
				"south": {"uv": [10, 14.5, 11, 10.5], "texture": "#2"},
				"west": {"uv": [9, 10, 10, 14], "texture": "#2"}
			}
		}
	],
	"gui_light": "front",
	"display": {
		"thirdperson_righthand": {
			"rotation": [0, 90, 0],
			"translation": [-0.25, -1.5, 1.75],
			"scale": [0.73, 0.73, 0.73]
		},
		"thirdperson_lefthand": {
			"rotation": [0, 90, 0],
			"translation": [-0.25, -1.5, 1.75],
			"scale": [0.73, 0.73, 0.73]
		},
		"firstperson_righthand": {
			"rotation": [0, -90, 0],
			"translation": [1.75, -1.75, 0],
			"scale": [0.73, 0.73, 0.73]
		},
		"firstperson_lefthand": {
			"rotation": [0, -90, 0],
			"translation": [1.75, -1.75, 0],
			"scale": [0.73, 0.73, 0.73]
		},
		"ground": {
			"translation": [0, 8, 0],
			"scale": [0.5, 0.5, 0.5]
		},
		"gui": {
			"rotation": [0, 0, -45],
			"scale": [0.44, 0.44, 0.44]
		},
		"fixed": {
			"rotation": [0, 0, 45],
			"translation": [-0.25, 0.25, 0],
			"scale": [0.55, 0.55, 0.55]
		}
	}
}