{
	"format_version": "1.21.6",
	"credit": "Made with Blockbench",
	"textures": {
		"2": "item/iron_pickaxe",
		"particle": "item/iron_pickaxe"
	},
	"elements": [
		{
			"from": [7, 0.15, 7.1],
			"to": [9, 21, 8.9],
			"rotation": {"angle": 0, "axis": "y", "origin": [8, 5.5, 8]},
			"faces": {
				"north": {"uv": [5.5, 0, 6.5, 10], "texture": "#2"},
				"east": {"uv": [5.5, 10, 6.5, 0], "texture": "#2"},
				"south": {"uv": [5.5, 0, 6.5, 10], "texture": "#2"},
				"west": {"uv": [5.5, 10, 6.5, 0], "texture": "#2"},
				"up": {"uv": [6.5, 11, 5.5, 10], "texture": "#2"},
				"down": {"uv": [6.5, 10, 5.5, 11], "texture": "#2"}
			}
		},
		{
			"from": [6.75, 17.15, 6.85],
			"to": [9.25, 20.5, 9.15],
			"rotation": {"angle": 0, "axis": "y", "origin": [8, 5.5, 8]},
			"faces": {
				"north": {"uv": [2, 3, 3, 4.5], "texture": "#2"},
				"east": {"uv": [2, 4.5, 3, 3], "texture": "#2"},
				"south": {"uv": [2, 3, 3, 4.5], "texture": "#2"},
				"west": {"uv": [3, 4.5, 2, 3], "texture": "#2"},
				"up": {"uv": [13, 3, 12, 2], "texture": "#2"},
				"down": {"uv": [13, 2, 12, 3], "texture": "#2"}
			}
		},
		{
			"from": [9, 19.45, 7.85],
			"to": [16, 20.45, 8.15],
			"rotation": {"angle": -22.5, "axis": "z", "origin": [9, 19.95, 8]},
			"faces": {
				"north": {"uv": [10, 1, 13, 1.5], "texture": "#2"},
				"east": {"uv": [8.5, 6, 9, 9.5], "texture": "#2"},
				"south": {"uv": [13, 1, 10, 1.5], "texture": "#2"},
				"west": {"uv": [9, 0, 9.5, 3.5], "texture": "#2"},
				"up": {"uv": [13, 2, 10, 1.5], "texture": "#2"},
				"down": {"uv": [13, 1.5, 10, 2], "texture": "#2"}
			}
		},
		{
			"from": [0, 19.45, 7.85],
			"to": [7, 20.45, 8.15],
			"rotation": {"angle": 22.5, "axis": "z", "origin": [7, 19.95, 8]},
			"faces": {
				"north": {"uv": [13, 1.5, 10, 2], "texture": "#2"},
				"east": {"uv": [9.5, 0, 9, 3.5], "texture": "#2"},
				"south": {"uv": [10, 1, 13, 1.5], "texture": "#2"},
				"west": {"uv": [9, 6, 8.5, 9.5], "texture": "#2"},
				"up": {"uv": [10, 2, 13, 1.5], "texture": "#2"},
				"down": {"uv": [10, 1.5, 13, 2], "texture": "#2"}
			}
		},
		{
			"from": [2.5, 18.4, 7.95],
			"to": [7, 19.4, 8.05],
			"rotation": {"angle": 22.5, "axis": "z", "origin": [7, 18.65, 8]},
			"faces": {
				"north": {"uv": [13, 0.5, 10.5, 1], "texture": "#2"},
				"east": {"uv": [9.5, 0, 9, 3.5], "texture": "#2"},
				"south": {"uv": [10.5, 1.5, 13, 2], "texture": "#2"},
				"west": {"uv": [9, 6, 8.5, 9.5], "texture": "#2"},
				"up": {"uv": [8, 5.5, 11.5, 5], "texture": "#2"},
				"down": {"uv": [10.5, 1.5, 13, 2], "texture": "#2"}
			}
		},
		{
			"from": [9, 18.4, 7.95],
			"to": [13.5, 19.4, 8.05],
			"rotation": {"angle": -22.5, "axis": "z", "origin": [9, 18.65, 8]},
			"faces": {
				"north": {"uv": [10.5, 0.5, 13, 1], "texture": "#2"},
				"east": {"uv": [8.5, 6, 9, 9.5], "texture": "#2"},
				"south": {"uv": [13, 1.5, 10.5, 2], "texture": "#2"},
				"west": {"uv": [9, 0, 9.5, 3.5], "texture": "#2"},
				"up": {"uv": [11.5, 5.5, 8, 5], "texture": "#2"},
				"down": {"uv": [13, 1.5, 10.5, 2], "texture": "#2"}
			}
		},
		{
			"from": [6.9, 3.5, 6.95],
			"to": [9.1, 8.2, 9.05],
			"rotation": {"angle": 0, "axis": "y", "origin": [7.05, 1.5, 7]},
			"faces": {
				"north": {"uv": [10, 13.5, 11, 15.5], "texture": "#2"},
				"east": {"uv": [8.5, 13.5, 9.5, 15.5], "texture": "#2"},
				"south": {"uv": [11.5, 13.5, 12.5, 15.5], "texture": "#2"},
				"west": {"uv": [10.5, 13.5, 11.5, 15.5], "texture": "#2"},
				"up": {"uv": [5, 8.5, 4, 7.5], "texture": "#2"},
				"down": {"uv": [6, 7.5, 5, 8.5], "texture": "#2"}
			}
		},
		{
			"from": [6.8, 2.5, 6.85],
			"to": [9.2, 3.5, 9.15],
			"rotation": {"angle": 0, "axis": "y", "origin": [7.05, 1.5, 7]},
			"faces": {
				"north": {"uv": [15, 6.5, 16, 7], "texture": "#2"},
				"east": {"uv": [14, 6.5, 15, 7], "texture": "#2"},
				"south": {"uv": [15, 6.5, 16, 7], "texture": "#2"},
				"west": {"uv": [14, 6.5, 15, 7], "texture": "#2"},
				"up": {"uv": [8.5, 11.5, 7.5, 10.5], "texture": "#2"},
				"down": {"uv": [9.5, 10.5, 8.5, 11.5], "texture": "#2"}
			}
		},
		{
			"from": [6.8, 8.15, 6.85],
			"to": [9.2, 9.15, 9.15],
			"rotation": {"angle": 0, "axis": "y", "origin": [7.05, 7.15, 7]},
			"faces": {
				"north": {"uv": [15, 6.5, 16, 7], "texture": "#2"},
				"east": {"uv": [14, 6.5, 15, 7], "texture": "#2"},
				"south": {"uv": [15, 6.5, 16, 7], "texture": "#2"},
				"west": {"uv": [14, 6.5, 15, 7], "texture": "#2"},
				"up": {"uv": [8.5, 11.5, 7.5, 10.5], "texture": "#2"},
				"down": {"uv": [9.5, 10.5, 8.5, 11.5], "texture": "#2"}
			}
		}
	],
	"gui_light": "front",
	"display": {
		"thirdperson_righthand": {
			"rotation": [0, -90, 0],
			"translation": [-0.25, -0.75, 2],
			"scale": [0.83, 0.83, 0.83]
		},
		"thirdperson_lefthand": {
			"rotation": [0, -90, 0],
			"translation": [-0.25, -0.75, 2],
			"scale": [0.73, 0.73, 0.73]
		},
		"firstperson_righthand": {
			"rotation": [0, -90, 0],
			"translation": [2, -4.5, 1.5]
		},
		"firstperson_lefthand": {
			"rotation": [0, -90, 0],
			"translation": [2, -4.5, 1.5]
		},
		"ground": {
			"translation": [0, 1.25, 0],
			"scale": [0.5, 0.5, 0.5]
		},
		"gui": {
			"rotation": [0, 0, -45],
			"translation": [-2.75, -2.25, 0]
		},
		"fixed": {
			"rotation": [0, 0, 45],
			"translation": [2.75, -2.75, 0]
		}
	}
}