{
	"format_version": "1.21.6",
	"credit": "Made with Blockbench",
	"textures": {
		"2": "item/netherite_sword",
		"particle": "item/netherite_sword"
	},
	"elements": [
		{
			"from": [7.5, -2.25, 7],
			"to": [8.5, 9, 9],
			"rotation": {"angle": 0, "axis": "y", "origin": [7, 0, 7]},
			"faces": {
				"north": {"uv": [2.5, 0, 3, 5], "texture": "#2"},
				"east": {"uv": [6, 0, 5, 5], "texture": "#2"},
				"south": {"uv": [4, 0, 4.5, 5], "texture": "#2"},
				"west": {"uv": [5, 0, 6, 5], "texture": "#2"},
				"up": {"uv": [4, 7, 3, 6], "texture": "#2"},
				"down": {"uv": [7, 3, 6, 4], "texture": "#2"}
			}
		},
		{
			"from": [7.4, -0.5, 6.85],
			"to": [8.6, 6.2, 9.15],
			"rotation": {"angle": 0, "axis": "y", "origin": [7.05, -0.5, 7]},
			"faces": {
				"north": {"uv": [4, 8.5, 5, 11.5], "texture": "#2"},
				"east": {"uv": [3, 8.5, 4, 11.5], "texture": "#2"},
				"south": {"uv": [6, 8.5, 7, 11.5], "texture": "#2"},
				"west": {"uv": [5, 8.5, 6, 11.5], "texture": "#2"},
				"up": {"uv": [5, 8.5, 4, 7.5], "texture": "#2"},
				"down": {"uv": [6, 7.5, 5, 8.5], "texture": "#2"}
			}
		},
		{
			"from": [7.3, -4, 6.75],
			"to": [8.7, -2.25, 9.25],
			"rotation": {"angle": 0, "axis": "y", "origin": [7.05, -4.25, 7]},
			"faces": {
				"north": {"uv": [4.5, 12, 5, 12.5], "texture": "#2"},
				"east": {"uv": [3, 12, 4, 12.5], "texture": "#2"},
				"south": {"uv": [6.5, 12, 7, 12.5], "texture": "#2"},
				"west": {"uv": [5, 12, 6, 12.5], "texture": "#2"},
				"up": {"uv": [5, 8.5, 4, 7.5], "texture": "#2"},
				"down": {"uv": [6, 7.5, 5, 8.5], "texture": "#2"}
			}
		},
		{
			"from": [7.3, -1.5, 6.75],
			"to": [8.7, -0.25, 9.25],
			"rotation": {"angle": 0, "axis": "y", "origin": [7.05, -5.25, 7]},
			"faces": {
				"north": {"uv": [4.5, 12, 5, 12.5], "texture": "#2"},
				"east": {"uv": [3, 12, 4, 12.5], "texture": "#2"},
				"south": {"uv": [6.5, 12, 7, 12.5], "texture": "#2"},
				"west": {"uv": [5, 12, 6, 12.5], "texture": "#2"},
				"up": {"uv": [5, 8.5, 4, 7.5], "texture": "#2"},
				"down": {"uv": [6, 7.5, 5, 8.5], "texture": "#2"}
			}
		},
		{
			"from": [7.3, 3.75, 6.7],
			"to": [8.7, 4.75, 9.65],
			"rotation": {"angle": 17.5, "axis": "x", "origin": [7.05, 4.75, 6.5]},
			"faces": {
				"north": {"uv": [4.5, 11, 5, 11.5], "texture": "#2"},
				"east": {"uv": [3, 11, 4, 11.5], "texture": "#2"},
				"south": {"uv": [6.5, 11, 7, 11.5], "texture": "#2"},
				"west": {"uv": [5, 11, 6, 11.5], "texture": "#2"},
				"up": {"uv": [7, 8.5, 6, 7.5], "texture": "#2"},
				"down": {"uv": [7, 7.5, 6, 8.5], "texture": "#2"}
			}
		},
		{
			"from": [7.3, 1.25, 6.35],
			"to": [8.7, 2.25, 9.3],
			"rotation": {"angle": -17.5, "axis": "x", "origin": [7.05, 2.25, 9.5]},
			"faces": {
				"north": {"uv": [5, 11, 4.5, 11.5], "texture": "#2"},
				"east": {"uv": [6, 11, 5, 11.5], "texture": "#2"},
				"south": {"uv": [6, 11, 5.5, 11.5], "texture": "#2"},
				"west": {"uv": [4, 11, 3, 11.5], "texture": "#2"},
				"up": {"uv": [7, 7.5, 6, 8.5], "texture": "#2"},
				"down": {"uv": [7, 8.5, 6, 7.5], "texture": "#2"}
			}
		},
		{
			"from": [7.75, 10, 6],
			"to": [8.25, 27, 10],
			"rotation": {"angle": 0, "axis": "y", "origin": [7, 3, 7]},
			"faces": {
				"north": {"uv": [0, 0, 0.5, 8.5], "texture": "#2"},
				"east": {"uv": [2, 0, 0, 8.5], "texture": "#2"},
				"south": {"uv": [1.5, 0, 2, 8.5], "texture": "#2"},
				"west": {"uv": [0, 0, 2, 8.5], "texture": "#2"},
				"up": {"uv": [3.5, 8, 3, 7], "texture": "#2"},
				"down": {"uv": [2.5, 5, 2, 7], "texture": "#2"}
			}
		},
		{
			"from": [7.55, 25.25, 6],
			"to": [8.45, 29.25, 10],
			"rotation": {"angle": -45, "axis": "x", "origin": [8, 27.25, 8]},
			"faces": {
				"north": {"uv": [4.5, 5, 5, 7], "texture": "#2"},
				"east": {"uv": [2, 9, 0, 11], "texture": "#2"},
				"south": {"uv": [2, 7, 2.5, 9], "texture": "#2"},
				"west": {"uv": [0, 9, 2, 11], "texture": "#2"},
				"up": {"uv": [0.5, 2.5, 0, 0.5], "texture": "#2"},
				"down": {"uv": [5, 5, 4.5, 7], "texture": "#2"}
			}
		},
		{
			"from": [7.6, 19, 7.5],
			"to": [8.4, 21, 9.5],
			"rotation": {"angle": -45, "axis": "x", "origin": [7.95, 19.5, 8]},
			"faces": {
				"north": {"uv": [5, 6, 5.5, 7], "texture": "#2"},
				"east": {"uv": [2, 12.5, 1, 13.5], "texture": "#2"},
				"south": {"uv": [5, 5.5, 5.5, 6.5], "texture": "#2"},
				"west": {"uv": [1, 12.5, 2, 13.5], "texture": "#2"},
				"up": {"uv": [5.5, 6.5, 5, 5.5], "texture": "#2"},
				"down": {"uv": [5.5, 6, 5, 7], "texture": "#2"}
			}
		},
		{
			"from": [7.6, 22.25, 6.5],
			"to": [8.4, 25.25, 9.5],
			"rotation": {"angle": -45, "axis": "x", "origin": [7.95, 23.75, 8]},
			"faces": {
				"north": {"uv": [5, 5.5, 5.5, 7], "texture": "#2"},
				"east": {"uv": [3, 11, 1.5, 12.5], "texture": "#2"},
				"south": {"uv": [5, 5.5, 5.5, 7], "texture": "#2"},
				"west": {"uv": [1.5, 11, 3, 12.5], "texture": "#2"},
				"up": {"uv": [5.5, 7, 5, 5.5], "texture": "#2"},
				"down": {"uv": [5.5, 5.5, 5, 7], "texture": "#2"}
			}
		},
		{
			"from": [7.15, -5.44289, 6.75],
			"to": [8.85, -2.94289, 9.25],
			"rotation": {"angle": -45, "axis": "x", "origin": [8, -4.19289, 8]},
			"faces": {
				"north": {"uv": [0.5, 14, 0, 13], "rotation": 180, "texture": "#2"},
				"east": {"uv": [3, 14.5, 2, 13.5], "rotation": 90, "texture": "#2"},
				"south": {"uv": [1, 12.5, 0.5, 13.5], "texture": "#2"},
				"west": {"uv": [2, 14.5, 3, 13.5], "rotation": 270, "texture": "#2"},
				"up": {"uv": [0, 13, 0.5, 14], "texture": "#2"},
				"down": {"uv": [0.5, 12.5, 1, 13.5], "rotation": 180, "texture": "#2"}
			}
		},
		{
			"from": [6.9, 7.05711, 6.5],
			"to": [9.1, 10.05711, 9.5],
			"rotation": {"angle": 0, "axis": "x", "origin": [8, 8.55711, 8]},
			"faces": {
				"north": {"uv": [1.5, 11, 1, 12.5], "rotation": 180, "texture": "#2"},
				"east": {"uv": [1.5, 12.5, 0, 11], "rotation": 90, "texture": "#2"},
				"south": {"uv": [0.5, 12.5, 0, 11], "texture": "#2"},
				"west": {"uv": [0, 12.5, 1.5, 11], "rotation": 270, "texture": "#2"},
				"up": {"uv": [0, 12.5, 0.5, 11], "texture": "#2"},
				"down": {"uv": [0, 12.5, 0.5, 11], "rotation": 180, "texture": "#2"}
			}
		},
		{
			"from": [7.25, 7.05711, 3.5],
			"to": [8.75, 9.05711, 5.75],
			"rotation": {"angle": 22.5, "axis": "x", "origin": [8, 8.55711, 8]},
			"faces": {
				"north": {"uv": [2.5, 13.5, 3, 12.5], "rotation": 180, "texture": "#2"},
				"east": {"uv": [3, 13.5, 2, 12.5], "rotation": 180, "texture": "#2"},
				"south": {"uv": [0.5, 12.5, 1, 14], "rotation": 180, "texture": "#2"},
				"west": {"uv": [2, 13.5, 3, 12.5], "rotation": 180, "texture": "#2"},
				"up": {"uv": [1.5, 13.5, 1, 14.5], "texture": "#2"},
				"down": {"uv": [3.5, 13.5, 3, 12.5], "texture": "#2"}
			}
		},
		{
			"from": [7.25, 7.05711, 10.25],
			"to": [8.75, 9.05711, 12.5],
			"rotation": {"angle": -22.5, "axis": "x", "origin": [8, 8.55711, 8]},
			"faces": {
				"north": {"uv": [1, 12.5, 0.5, 14], "rotation": 180, "texture": "#2"},
				"east": {"uv": [2, 13.5, 3, 12.5], "rotation": 180, "texture": "#2"},
				"south": {"uv": [3, 13.5, 2.5, 12.5], "rotation": 180, "texture": "#2"},
				"west": {"uv": [3, 13.5, 2, 12.5], "rotation": 180, "texture": "#2"},
				"up": {"uv": [1.5, 14.5, 1, 13.5], "texture": "#2"},
				"down": {"uv": [3.5, 12.5, 3, 13.5], "texture": "#2"}
			}
		},
		{
			"from": [7.4, -6.94289, 7.5],
			"to": [8.6, -4.94289, 9],
			"rotation": {"angle": -45, "axis": "x", "origin": [8, -3.94289, 8]},
			"faces": {
				"north": {"uv": [2, 14.5, 1.5, 13.5], "rotation": 180, "texture": "#2"},
				"east": {"uv": [4.5, 13.5, 3.5, 13], "rotation": 90, "texture": "#2"},
				"south": {"uv": [2, 13.5, 1.5, 14.5], "texture": "#2"},
				"west": {"uv": [3.5, 13.5, 4.5, 13], "rotation": 270, "texture": "#2"},
				"up": {"uv": [0, 13.5, 0.5, 14.5], "texture": "#2"},
				"down": {"uv": [1.5, 13.5, 2, 14], "rotation": 180, "texture": "#2"}
			}
		},
		{
			"from": [7.4, -6.94289, 7],
			"to": [8.6, -4.94289, 8.5],
			"rotation": {"angle": 45, "axis": "x", "origin": [8, -3.94289, 8]},
			"faces": {
				"north": {"uv": [1.5, 13.5, 2, 14.5], "texture": "#2"},
				"east": {"uv": [4.5, 13, 3.5, 13.5], "rotation": 90, "texture": "#2"},
				"south": {"uv": [1.5, 14.5, 2, 13.5], "rotation": 180, "texture": "#2"},
				"west": {"uv": [3.5, 13, 4.5, 13.5], "rotation": 270, "texture": "#2"},
				"up": {"uv": [0, 14.5, 0.5, 13.5], "texture": "#2"},
				"down": {"uv": [1.5, 14, 2, 13.5], "rotation": 180, "texture": "#2"}
			}
		},
		{
			"from": [7.15, 7.5, 5.25],
			"to": [8.85, 10, 10.75],
			"rotation": {"angle": 0, "axis": "y", "origin": [7, -1, 7]},
			"faces": {
				"north": {"uv": [7, 4, 7.5, 5], "texture": "#2"},
				"east": {"uv": [9.5, 3, 7, 4], "texture": "#2"},
				"south": {"uv": [7, 4, 7.5, 5], "texture": "#2"},
				"west": {"uv": [7, 3, 9.5, 4], "texture": "#2"},
				"up": {"uv": [7, 3, 6.5, 0.5], "texture": "#2"},
				"down": {"uv": [7.5, 0.5, 7, 3], "texture": "#2"}
			}
		},
		{
			"from": [7.4, 8.5, 5.75],
			"to": [8.6, 11, 10.25],
			"rotation": {"angle": 0, "axis": "y", "origin": [7, 0, 7]},
			"faces": {
				"north": {"uv": [8.5, 1, 9, 1.5], "texture": "#2"},
				"east": {"uv": [9.5, 0.5, 7.5, 1], "texture": "#2"},
				"south": {"uv": [9, 1, 9.5, 1.5], "texture": "#2"},
				"west": {"uv": [7.5, 0.5, 9.5, 1], "texture": "#2"},
				"up": {"uv": [10, 2.5, 9.5, 0.5], "texture": "#2"},
				"down": {"uv": [2.5, 5, 2, 7], "texture": "#2"}
			}
		},
		{
			"from": [7.2, 6.5, 6.6],
			"to": [8.8, 9, 9.4],
			"rotation": {"angle": 0, "axis": "y", "origin": [7, -2, 7]},
			"faces": {
				"north": {"uv": [8.5, 1, 9, 1.5], "texture": "#2"},
				"east": {"uv": [9, 0.5, 8, 1], "texture": "#2"},
				"south": {"uv": [9, 1, 9.5, 1.5], "texture": "#2"},
				"west": {"uv": [8, 0.5, 9, 1], "texture": "#2"},
				"up": {"uv": [10, 2.5, 9.5, 0.5], "texture": "#2"},
				"down": {"uv": [4.5, 5, 4, 7], "texture": "#2"}
			}
		}
	],
	"gui_light": "front",
	"display": {
		"thirdperson_righthand": {
			"rotation": [0, -180, 0],
			"translation": [0, 2, 1.5],
			"scale": [0.93, 0.93, 0.93]
		},
		"thirdperson_lefthand": {
			"rotation": [0, -180, 0],
			"translation": [0, 2, 1.5],
			"scale": [0.93, 0.93, 0.93]
		},
		"firstperson_righthand": {
			"translation": [4, 0, 0],
			"scale": [0.73, 0.73, 0.73]
		},
		"firstperson_lefthand": {
			"translation": [4, 0, 0],
			"scale": [0.73, 0.73, 0.73]
		},
		"ground": {
			"translation": [0, 1.25, 0],
			"scale": [0.5, 0.5, 0.5]
		},
		"gui": {
			"rotation": [-90, -43.25, -90],
			"translation": [-2.5, -2, 0],
			"scale": [0.65, 0.65, 0.65]
		},
		"fixed": {
			"rotation": [90, -45, 90],
			"translation": [2.5, -2.5, 0],
			"scale": [0.8, 0.8, 0.8]
		}
	}
}