{
	"format_version": "1.21.6",
	"credit": "Made with Blockbench",
	"textures": {
		"2": "item/netherite_axe",
		"particle": "item/netherite_axe"
	},
	"elements": [
		{
			"from": [6.75, 18, 6.85],
			"to": [9.25, 20.75, 9.15],
			"rotation": {"angle": 0, "axis": "y", "origin": [8, 14, 8]},
			"faces": {
				"north": {"uv": [9.5, 15.5, 10.5, 14.5], "texture": "#2"},
				"east": {"uv": [10.5, 15.5, 9.5, 14.5], "texture": "#2"},
				"south": {"uv": [9.5, 14.5, 10.5, 15.5], "texture": "#2"},
				"west": {"uv": [10.5, 14.5, 9.5, 15.5], "texture": "#2"},
				"up": {"uv": [10.5, 15.5, 9.5, 14.5], "texture": "#2"},
				"down": {"uv": [10.5, 14.5, 9.5, 15.5], "texture": "#2"}
			}
		},
		{
			"from": [7, 0.15, 7.1],
			"to": [9, 20.5, 8.9],
			"rotation": {"angle": 0, "axis": "y", "origin": [8, 5.5, 8]},
			"faces": {
				"north": {"uv": [5.5, 3.5, 4.5, 13.5], "texture": "#2"},
				"east": {"uv": [6.5, 13, 7.5, 3], "texture": "#2"},
				"south": {"uv": [4.5, 3.5, 5.5, 13.5], "texture": "#2"},
				"west": {"uv": [5.5, 13, 6.5, 3], "texture": "#2"},
				"up": {"uv": [10, 7, 9, 6], "texture": "#2"},
				"down": {"uv": [10, 6, 9, 7], "texture": "#2"}
			}
		},
		{
			"from": [4.46679, 19, 7.85],
			"to": [11.46679, 26, 8.15],
			"rotation": {"angle": 45, "axis": "z", "origin": [7.96679, 22.5, 8]},
			"faces": {
				"north": {"uv": [0, 11, 3.5, 7.5], "rotation": 90, "texture": "#2"},
				"east": {"uv": [3.5, 7.5, 0, 8], "rotation": 270, "texture": "#2"},
				"south": {"uv": [3.5, 11, 0, 7.5], "rotation": 270, "texture": "#2"},
				"west": {"uv": [14, 1.5, 10.5, 1], "rotation": 270, "texture": "#2"},
				"up": {"uv": [0, 11, 0.5, 7.5], "rotation": 270, "texture": "#2"},
				"down": {"uv": [15, 4, 15.5, 0.5], "rotation": 270, "texture": "#2"}
			}
		},
		{
			"from": [4.46679, 20.75, 7.9],
			"to": [11.46679, 27.75, 8.1],
			"rotation": {"angle": 45, "axis": "z", "origin": [7.96679, 24.25, 7.95]},
			"faces": {
				"north": {"uv": [0, 11, 3.5, 7.5], "rotation": 90, "texture": "#2"},
				"east": {"uv": [3.5, 7.5, 0, 8], "rotation": 270, "texture": "#2"},
				"south": {"uv": [3.5, 11, 0, 7.5], "rotation": 270, "texture": "#2"},
				"west": {"uv": [14, 1.5, 10.5, 1], "rotation": 270, "texture": "#2"},
				"up": {"uv": [0, 11, 0.5, 7.5], "rotation": 270, "texture": "#2"},
				"down": {"uv": [15, 4, 15.5, 0.5], "rotation": 270, "texture": "#2"}
			}
		},
		{
			"from": [4.46679, 18.75, 7.6],
			"to": [8.46679, 22.75, 8.4],
			"rotation": {"angle": 45, "axis": "z", "origin": [7.96679, 22.25, 8]},
			"faces": {
				"north": {"uv": [0, 6.5, 2, 4.5], "rotation": 90, "texture": "#2"},
				"east": {"uv": [2, 6, 0, 6.5], "rotation": 270, "texture": "#2"},
				"south": {"uv": [2, 6.5, 0, 4.5], "rotation": 270, "texture": "#2"},
				"west": {"uv": [2, 5, 0, 4.5], "rotation": 270, "texture": "#2"},
				"up": {"uv": [0, 4.5, 0.5, 6.5], "rotation": 270, "texture": "#2"},
				"down": {"uv": [1.5, 4.5, 2, 6.5], "rotation": 270, "texture": "#2"}
			}
		},
		{
			"from": [6.9, 1, 6.95],
			"to": [9.1, 10.2, 9.05],
			"rotation": {"angle": 0, "axis": "y", "origin": [7.05, 1.5, 7]},
			"faces": {
				"north": {"uv": [15, 11.5, 14, 16], "texture": "#2"},
				"east": {"uv": [14.5, 11.5, 15.5, 16], "texture": "#2"},
				"south": {"uv": [14, 16, 15, 11.5], "texture": "#2"},
				"west": {"uv": [14, 11.5, 13, 16], "texture": "#2"},
				"up": {"uv": [5, 8.5, 4, 7.5], "texture": "#2"},
				"down": {"uv": [6, 7.5, 5, 8.5], "texture": "#2"}
			}
		},
		{
			"from": [6.8, 0.15, 6.85],
			"to": [9.2, 1.15, 9.15],
			"rotation": {"angle": 0, "axis": "y", "origin": [7.05, -0.85, 7]},
			"faces": {
				"north": {"uv": [14, 8.5, 15, 9], "texture": "#2"},
				"east": {"uv": [14, 8.5, 14.5, 9], "texture": "#2"},
				"south": {"uv": [15, 8.5, 14, 9], "texture": "#2"},
				"west": {"uv": [15, 9, 16, 9.5], "texture": "#2"},
				"up": {"uv": [15, 9, 14, 8], "texture": "#2"},
				"down": {"uv": [15, 8, 14, 9], "texture": "#2"}
			}
		},
		{
			"from": [6.8, 10.15, 6.85],
			"to": [9.2, 11.15, 9.15],
			"rotation": {"angle": 0, "axis": "y", "origin": [7.05, 9.15, 7]},
			"faces": {
				"north": {"uv": [14, 8.5, 15, 9], "texture": "#2"},
				"east": {"uv": [14, 8.5, 14.5, 9], "texture": "#2"},
				"south": {"uv": [15, 8.5, 14, 9], "texture": "#2"},
				"west": {"uv": [15, 9, 16, 9.5], "texture": "#2"},
				"up": {"uv": [15, 9, 14, 8], "texture": "#2"},
				"down": {"uv": [15, 8, 14, 9], "texture": "#2"}
			}
		},
		{
			"from": [6.7, 17.15, 6.75],
			"to": [9.3, 18.15, 9.25],
			"rotation": {"angle": 0, "axis": "y", "origin": [7.05, 16.15, 7]},
			"faces": {
				"north": {"uv": [15, 9.5, 16, 10], "texture": "#2"},
				"east": {"uv": [13, 9.5, 14, 10], "texture": "#2"},
				"south": {"uv": [15, 9.5, 16, 10], "texture": "#2"},
				"west": {"uv": [14, 9.5, 15, 10], "texture": "#2"},
				"up": {"uv": [12, 12, 11, 11], "texture": "#2"},
				"down": {"uv": [7, 14, 6, 15], "texture": "#2"}
			}
		},
		{
			"from": [4, -5.4, 7.35],
			"to": [12, -3.6, 8.65],
			"rotation": {"angle": 0, "axis": "y", "origin": [7, -12.5, 7]},
			"faces": {
				"north": {"uv": [12.5, 8.5, 8.5, 9.5], "texture": "#2"},
				"east": {"uv": [7, 14, 6, 15], "texture": "#2"},
				"south": {"uv": [8.5, 8.5, 12.5, 9.5], "texture": "#2"},
				"west": {"uv": [7, 14, 6, 15], "texture": "#2"},
				"up": {"uv": [8.5, 10, 8, 14], "rotation": 90, "texture": "#2"},
				"down": {"uv": [8, 14, 7.5, 10], "rotation": 270, "texture": "#2"}
			}
		},
		{
			"from": [6, -5.55, 7.2],
			"to": [10, -3.45, 8.8],
			"rotation": {"angle": 0, "axis": "y", "origin": [7, -12.5, 7]},
			"faces": {
				"north": {"uv": [16, 10.5, 14, 11.5], "texture": "#2"},
				"east": {"uv": [14, 10.5, 12, 11.5], "texture": "#2"},
				"south": {"uv": [14, 10.5, 16, 11.5], "texture": "#2"},
				"west": {"uv": [14, 10.5, 12, 11.5], "texture": "#2"},
				"up": {"uv": [14, 12.5, 13.5, 14.5], "rotation": 90, "texture": "#2"},
				"down": {"uv": [15.5, 14.5, 15, 12.5], "rotation": 270, "texture": "#2"}
			}
		},
		{
			"from": [4.25, -4, 7.5],
			"to": [5.55, 1.5, 8.5],
			"rotation": {"angle": -32.5, "axis": "z", "origin": [4.9, -4, 7.95]},
			"faces": {
				"north": {"uv": [11, 8.5, 8.5, 9], "rotation": 90, "texture": "#2"},
				"east": {"uv": [8, 15, 7.5, 12.5], "rotation": 180, "texture": "#2"},
				"south": {"uv": [11, 8.5, 8.5, 9], "rotation": 270, "texture": "#2"},
				"west": {"uv": [8.5, 11.5, 8, 14], "texture": "#2"},
				"up": {"uv": [6, 14, 5, 15], "rotation": 270, "texture": "#2"},
				"down": {"uv": [7, 14, 6, 15], "rotation": 270, "texture": "#2"}
			}
		},
		{
			"from": [10.45, -4, 7.45],
			"to": [11.75, 1.5, 8.55],
			"rotation": {"angle": 32.5, "axis": "z", "origin": [11.1, -4, 8]},
			"faces": {
				"north": {"uv": [11, 8.5, 8.5, 9], "rotation": 270, "texture": "#2"},
				"east": {"uv": [8.5, 11.5, 8, 14], "texture": "#2"},
				"south": {"uv": [11, 8.5, 8.5, 9], "rotation": 90, "texture": "#2"},
				"west": {"uv": [8, 15, 7.5, 12.5], "rotation": 180, "texture": "#2"},
				"up": {"uv": [5, 15, 6, 14], "rotation": 270, "texture": "#2"},
				"down": {"uv": [6, 15, 7, 14], "rotation": 270, "texture": "#2"}
			}
		}
	],
	"gui_light": "front",
	"display": {
		"thirdperson_righthand": {
			"rotation": [0, 90, 0],
			"translation": [-0.25, -1, 1.25],
			"scale": [0.93, 0.93, 0.93]
		},
		"thirdperson_lefthand": {
			"rotation": [0, 90, 0],
			"translation": [-0.25, -0.5, 1.75]
		},
		"firstperson_righthand": {
			"rotation": [0, 90, 0],
			"translation": [3.5, -4.5, 0],
			"scale": [0.73, 0.73, 0.73]
		},
		"firstperson_lefthand": {
			"rotation": [0, 90, 0],
			"translation": [3.5, -4.5, 0],
			"scale": [0.73, 0.73, 0.73]
		},
		"ground": {
			"translation": [0, 1.25, 0],
			"scale": [0.5, 0.5, 0.5]
		},
		"gui": {
			"rotation": [0, 0, -45],
			"translation": [-1.75, -1.75, 0],
			"scale": [0.65, 0.65, 0.65]
		},
		"fixed": {
			"rotation": [0, 0, 45],
			"translation": [2, -2, 0],
			"scale": [0.8, 0.8, 0.8]
		}
	}
}