{
	"format_version": "1.21.6",
	"credit": "Made with Blockbench",
	"parent": "minecraft:item/spear_in_hand",
	"textures": {
		"2": "item/netherite_spear_in_hand",
		"particle": "item/netherite_spear_in_hand"
	},
	"elements": [
		{
			"from": [6.56481, 6.85, 6.5425],
			"to": [9.44481, 12.05, 9.4225],
			"rotation": {"angle": 0, "axis": "y", "origin": [8.02405, 8.25, 7.9125]},
			"faces": {
				"north": {"uv": [6, 16, 8, 12.5], "texture": "#2"},
				"east": {"uv": [6, 16, 8, 12.5], "texture": "#2"},
				"south": {"uv": [6, 16, 8, 12.5], "texture": "#2"},
				"west": {"uv": [6, 16, 8, 12.5], "texture": "#2"},
				"up": {"uv": [8.5, 10, 6.5, 8], "texture": "#2"},
				"down": {"uv": [11.5, 1, 10.5, 2], "texture": "#2"}
			}
		},
		{
			"from": [6.96481, 12.05, 6.9425],
			"to": [9.04481, 22.05, 9.0225],
			"rotation": {"angle": 0, "axis": "y", "origin": [8.02405, 8.25, 7.9125]},
			"faces": {
				"north": {"uv": [3, 9, 4.5, 16], "texture": "#2"},
				"east": {"uv": [3, 9, 4.5, 16], "texture": "#2"},
				"south": {"uv": [3, 9, 4.5, 16], "texture": "#2"},
				"west": {"uv": [3, 9, 4.5, 16], "texture": "#2"},
				"up": {"uv": [10, 10, 8.5, 8.5], "texture": "#2"},
				"down": {"uv": [11.5, 1, 10.5, 2], "texture": "#2"}
			}
		},
		{
			"from": [7.36481, 22.05, 7.3425],
			"to": [8.64481, 30.85, 8.6225],
			"rotation": {"angle": 0, "axis": "y", "origin": [8.00481, 25.85, 7.9825]},
			"faces": {
				"north": {"uv": [4.5, 9.5, 5.5, 16], "texture": "#2"},
				"east": {"uv": [2, 16, 3, 9.5], "texture": "#2"},
				"south": {"uv": [4.5, 9.5, 5.5, 16], "texture": "#2"},
				"west": {"uv": [2, 16, 3, 9.5], "texture": "#2"},
				"up": {"uv": [5.5, 10.5, 4.5, 9.5], "texture": "#2"},
				"down": {"uv": [11.5, 1, 10.5, 2], "texture": "#2"}
			}
		},
		{
			"from": [4.60481, 2.85, 4.5825],
			"to": [11.40481, 5.45, 11.3825],
			"rotation": {"angle": 0, "axis": "y", "origin": [8.02405, 8.25, 7.9125]},
			"faces": {
				"north": {"uv": [12, 14.5, 16, 16], "texture": "#2"},
				"east": {"uv": [12, 14.5, 16, 16], "texture": "#2"},
				"south": {"uv": [12, 14.5, 16, 16], "texture": "#2"},
				"west": {"uv": [12, 14.5, 16, 16], "texture": "#2"},
				"up": {"uv": [16, 14.5, 12, 10.5], "texture": "#2"},
				"down": {"uv": [4, 4.5, 0, 8.5], "texture": "#2"}
			}
		},
		{
			"from": [7.73177, 3.71507, 6.3825],
			"to": [12.53177, 8.51507, 9.5825],
			"rotation": {"angle": -45, "axis": "z", "origin": [8.02405, 8.25, 7.9925]},
			"faces": {
				"north": {"uv": [13, 7, 16, 10], "texture": "#2"},
				"south": {"uv": [13, 7, 16, 10], "rotation": 270, "texture": "#2"},
				"west": {"uv": [14, 7, 16, 4], "texture": "#2"},
				"up": {"uv": [16, 2, 13, 0], "texture": "#2"}
			}
		},
		{
			"from": [6.40481, 3.73575, 3.46411],
			"to": [9.60481, 8.53575, 8.26411],
			"rotation": {"angle": -45, "axis": "x", "origin": [8.02405, 8.25, 7.9925]},
			"faces": {
				"east": {"uv": [13, 7, 16, 10], "rotation": 270, "texture": "#2"},
				"south": {"uv": [14, 7, 16, 4], "texture": "#2"},
				"west": {"uv": [13, 7, 16, 10], "texture": "#2"},
				"up": {"uv": [16, 2, 13, 0], "rotation": 270, "texture": "#2"}
			}
		},
		{
			"from": [7.00481, -5.32, 6.9825],
			"to": [9.00481, -4.12, 8.9825],
			"rotation": {"angle": 0, "axis": "y", "origin": [8.02405, 10, 7.9925]},
			"faces": {
				"north": {"uv": [0, 10, 1, 9.5], "texture": "#2"},
				"east": {"uv": [0, 9.5, 1, 10], "texture": "#2"},
				"south": {"uv": [1, 10, 0, 9.5], "texture": "#2"},
				"west": {"uv": [0, 10, 1, 10.5], "texture": "#2"},
				"up": {"uv": [1, 1, 0, 0], "rotation": 90, "texture": "#2"},
				"down": {"uv": [1, 0, 0, 1], "rotation": 270, "texture": "#2"}
			}
		},
		{
			"from": [6.50481, -16, 6.4825],
			"to": [9.50481, -6.87, 9.4825],
			"rotation": {"angle": 0, "axis": "y", "origin": [8.02405, 7.25, 7.9925]},
			"faces": {
				"north": {"uv": [4.5, 5, 6, 9.5], "texture": "#2"},
				"east": {"uv": [4.5, 5, 6, 9.5], "texture": "#2"},
				"south": {"uv": [6, 5, 4.5, 9.5], "texture": "#2"},
				"west": {"uv": [4.5, 5, 6, 9.5], "texture": "#2"},
				"up": {"uv": [11.5, 10, 10, 8.5], "rotation": 90, "texture": "#2"},
				"down": {"uv": [10, 8.5, 8.5, 10], "rotation": 270, "texture": "#2"}
			}
		},
		{
			"from": [6.8505, 28.65, 7.7025],
			"to": [9.2505, 31.05, 8.2625],
			"rotation": {"angle": -45, "axis": "z", "origin": [8.0505, 29.85, 7.9825]},
			"faces": {
				"north": {"uv": [0, 12.5, 1.5, 11], "texture": "#2"},
				"east": {"uv": [0, 12.5, 0.5, 11], "texture": "#2"},
				"south": {"uv": [1.5, 12.5, 0, 11], "texture": "#2"},
				"west": {"uv": [0, 14, 0.5, 12.5], "texture": "#2"},
				"up": {"uv": [0.5, 14, 0, 12.5], "rotation": 270, "texture": "#2"},
				"down": {"uv": [0, 11, 0.5, 12.5], "rotation": 90, "texture": "#2"}
			}
		},
		{
			"from": [7.7705, 28.65, 6.7825],
			"to": [8.3305, 31.05, 9.1825],
			"rotation": {"angle": 45, "axis": "x", "origin": [8.0505, 29.85, 7.9825]},
			"faces": {
				"north": {"uv": [0, 14, 0.5, 12.5], "texture": "#2"},
				"east": {"uv": [1.5, 12.5, 0, 11], "rotation": 90, "texture": "#2"},
				"south": {"uv": [0, 12.5, 0.5, 11], "texture": "#2"},
				"west": {"uv": [1.5, 11, 0, 12.5], "rotation": 90, "texture": "#2"},
				"up": {"uv": [0, 12.5, 0.5, 14], "rotation": 180, "texture": "#2"},
				"down": {"uv": [0.5, 12.5, 0, 11], "rotation": 180, "texture": "#2"}
			}
		},
		{
			"from": [7.03761, 1.54001, 6.9225],
			"to": [8.95761, 2.34001, 9.0825],
			"rotation": {"angle": 0, "axis": "y", "origin": [8.02405, 8.25, 7.9925]},
			"faces": {
				"north": {"uv": [0, 10.5, 0.5, 9.5], "rotation": 90, "texture": "#2"},
				"east": {"uv": [1.5, 10.5, 1, 9.5], "rotation": 90, "texture": "#2"},
				"south": {"uv": [0.5, 9.5, 1, 10.5], "rotation": 90, "texture": "#2"},
				"west": {"uv": [1, 10.5, 1.5, 9.5], "rotation": 270, "texture": "#2"},
				"up": {"uv": [11, 7, 10, 8], "texture": "#2"},
				"down": {"uv": [12.5, 7, 11.5, 8], "rotation": 180, "texture": "#2"}
			}
		},
		{
			"from": [7.08481, -5.23, 7.0625],
			"to": [8.92481, 1.65, 8.9025],
			"rotation": {"angle": 0, "axis": "y", "origin": [8.02405, 8.25, 7.9925]},
			"faces": {
				"north": {"uv": [8, 14.5, 9, 10.5], "texture": "#2"},
				"east": {"uv": [12, 10, 11, 14], "texture": "#2"},
				"south": {"uv": [10, 14.5, 11, 10.5], "texture": "#2"},
				"west": {"uv": [9, 10, 10, 14], "texture": "#2"}
			}
		},
		{
			"from": [7.18481, -7.23, 7.1625],
			"to": [8.82481, 3.65, 8.8025],
			"rotation": {"angle": 0, "axis": "y", "origin": [8.02405, 8.25, 7.9925]},
			"faces": {
				"north": {"uv": [6.5, 7.5, 7.5, 3.5], "texture": "#2"},
				"east": {"uv": [10.5, 3, 9.5, 7], "texture": "#2"},
				"south": {"uv": [8.5, 7.5, 9.5, 3.5], "texture": "#2"},
				"west": {"uv": [7.5, 3, 8.5, 7], "texture": "#2"}
			}
		}
	],
	"display": {
		"thirdperson_righthand": {
			"rotation": [0, 90, 0],
			"translation": [-0.25, 6.75, 1.75]
		},
		"thirdperson_lefthand": {
			"rotation": [0, 90, 0],
			"translation": [-0.25, 6.75, 1.75]
		},
		"firstperson_righthand": {
			"rotation": [0, -90, 0],
			"translation": [1.75, -1.75, 0],
			"scale": [0.73, 0.73, 0.73]
		},
		"firstperson_lefthand": {
			"rotation": [0, -90, 0],
			"translation": [1.75, -1.75, 0],
			"scale": [0.73, 0.73, 0.73]
		},
		"ground": {
			"translation": [0, 8, 0],
			"scale": [0.5, 0.5, 0.5]
		},
		"gui": {
			"rotation": [0, 0, -45],
			"translation": [0.25, 0.25, 0],
			"scale": [0.46, 0.46, 0.46]
		},
		"fixed": {
			"rotation": [0, 0, 45],
			"translation": [-0.25, 0.25, 0],
			"scale": [0.55, 0.55, 0.55]
		}
	}
}