{
	"format_version": "1.21.6",
	"credit": "Made with Blockbench",
	"textures": {
		"2": "item/netherite_axe",
		"particle": "item/netherite_axe"
	},
	"elements": [
		{
			"from": [6.98442, -7.81944, 7],
			"to": [8.98442, 20.53056, 9],
			"rotation": {"angle": 0, "axis": "z", "origin": [7.75866, 12.08806, 8]},
			"faces": {
				"north": {"uv": [5.5, 0, 4.5, 13.5], "texture": "#2"},
				"east": {"uv": [6.5, 0, 7.5, 13.5], "texture": "#2"},
				"south": {"uv": [4.5, 0, 5.5, 13.5], "texture": "#2"},
				"west": {"uv": [5.5, 0, 6.5, 13.5], "texture": "#2"},
				"up": {"uv": [10.5, 5, 9.5, 4], "texture": "#2"},
				"down": {"uv": [10.5, 0, 9.5, 1], "texture": "#2"}
			}
		},
		{
			"from": [6.75, 12.5, 6.85],
			"to": [9.25, 20, 9.15],
			"rotation": {"angle": 0, "axis": "y", "origin": [8, 14, 8]},
			"faces": {
				"north": {"uv": [0.5, 12, 2, 15.5], "texture": "#2"},
				"east": {"uv": [3, 12, 4.5, 15.5], "texture": "#2"},
				"south": {"uv": [0.5, 12, 2, 15.5], "texture": "#2"},
				"west": {"uv": [3, 12, 4.5, 15.5], "texture": "#2"},
				"up": {"uv": [16, 6.5, 15, 6], "texture": "#2"},
				"down": {"uv": [16, 6.5, 15, 7], "texture": "#2"}
			}
		},
		{
			"from": [7, 13, 7.6],
			"to": [10, 19.9, 8.4],
			"rotation": {"angle": 0, "axis": "y", "origin": [10, 14, 8]},
			"faces": {
				"north": {"uv": [1.5, 0, 3, 4.5], "texture": "#2"},
				"east": {"uv": [2.5, 0, 3, 4.475], "texture": "#2"},
				"south": {"uv": [3, 0, 1.5, 4.5], "texture": "#2"},
				"west": {"uv": [9, 0, 9.5, 4.5], "texture": "#2"},
				"up": {"uv": [10.5, 5.5, 8, 5], "texture": "#2"},
				"down": {"uv": [10.5, 5.5, 8, 6], "texture": "#2"}
			}
		},
		{
			"from": [11.1, 13.75, 7.85],
			"to": [16.1, 19.75, 8.15],
			"rotation": {"angle": 0, "axis": "z", "origin": [12.6, 16.25, 8]},
			"faces": {
				"north": {"uv": [10.5, 2.5, 13.5, 0], "rotation": 90, "texture": "#2"},
				"east": {"uv": [12, 8, 9, 8.5], "rotation": 270, "texture": "#2"},
				"south": {"uv": [10.5, 0, 13.5, 2.5], "rotation": 90, "texture": "#2"},
				"west": {"uv": [11, 10, 8.5, 9.5], "rotation": 270, "texture": "#2"},
				"up": {"uv": [8.5, 6, 9, 8.5], "rotation": 270, "texture": "#2"},
				"down": {"uv": [15, 4, 15.5, 0.5], "rotation": 270, "texture": "#2"}
			}
		},
		{
			"from": [12.5, 19.75, 7.9],
			"to": [16, 23.75, 8.1],
			"rotation": {"angle": 22.5, "axis": "z", "origin": [16.5, 19.875, 8]},
			"faces": {
				"north": {"uv": [14, 0, 15.75, 2], "texture": "#2"},
				"east": {"uv": [14, 0, 14.5, 2.5], "texture": "#2"},
				"south": {"uv": [16, 0, 14, 2], "texture": "#2"},
				"west": {"uv": [15, 0.5, 15.5, 4], "texture": "#2"},
				"up": {"uv": [13.5, 1, 11.5, 0.5], "texture": "#2"},
				"down": {"uv": [10.45, 10, 8.7, 10.5], "texture": "#2"}
			}
		},
		{
			"from": [13.35403, 9.73882, 7.9],
			"to": [16.35403, 15.73882, 8.1],
			"rotation": {"angle": -22.5, "axis": "z", "origin": [12, 15.625, 8]},
			"faces": {
				"north": {"uv": [3, 7.5, 4.5, 4.5], "texture": "#2"},
				"east": {"uv": [14.5, 0, 14, 3], "texture": "#2"},
				"south": {"uv": [4.5, 7.5, 3, 4.5], "texture": "#2"},
				"west": {"uv": [15.5, 0.5, 15, 3.5], "texture": "#2"},
				"up": {"uv": [10.45, 9.5, 8.7, 10], "texture": "#2"},
				"down": {"uv": [13.5, 0.5, 11.5, 0], "texture": "#2"}
			}
		},
		{
			"from": [6, 14, 7.6],
			"to": [9, 19.9, 8.4],
			"rotation": {"angle": 0, "axis": "y", "origin": [6, 14, 8]},
			"faces": {
				"north": {"uv": [3, 0, 1.5, 4.5], "texture": "#2"},
				"east": {"uv": [9.5, 0, 9, 4.5], "texture": "#2"},
				"south": {"uv": [1.5, 0, 3, 4.5], "texture": "#2"},
				"west": {"uv": [3, 0, 2.5, 4.475], "texture": "#2"},
				"up": {"uv": [8, 5.5, 10.5, 5], "texture": "#2"},
				"down": {"uv": [8, 5.5, 10.5, 6], "texture": "#2"}
			}
		},
		{
			"from": [6.63186, -6.11592, 6.65],
			"to": [9.33186, -5.11592, 9.35],
			"rotation": {"angle": 0, "axis": "z", "origin": [7.75866, 4.08806, 8]},
			"faces": {
				"north": {"uv": [15, 9.5, 16, 10], "texture": "#2"},
				"east": {"uv": [13, 9.5, 14, 10], "texture": "#2"},
				"south": {"uv": [15, 9.5, 16, 10], "texture": "#2"},
				"west": {"uv": [14, 9.5, 15, 10], "texture": "#2"},
				"up": {"uv": [9.5, 11.5, 8.5, 10.5], "texture": "#2"},
				"down": {"uv": [10.5, 10.5, 9.5, 11.5], "texture": "#2"}
			}
		},
		{
			"from": [6.88186, -8.11592, 6.9],
			"to": [9.08186, -7.11592, 9.1],
			"rotation": {"angle": 0, "axis": "z", "origin": [7.75866, 2.08806, 8]},
			"faces": {
				"north": {"uv": [15, 9.5, 16, 10], "texture": "#2"},
				"east": {"uv": [13, 9.5, 14, 10], "texture": "#2"},
				"south": {"uv": [15, 9.5, 16, 10], "texture": "#2"},
				"west": {"uv": [14, 9.5, 15, 10], "texture": "#2"},
				"up": {"uv": [12.5, 11.5, 11.5, 10.5], "texture": "#2"},
				"down": {"uv": [15, 9, 14, 10], "texture": "#2"}
			}
		},
		{
			"from": [6.97071, -9.61592, 7.4],
			"to": [8.97071, -7.61592, 8.6],
			"rotation": {"angle": -45, "axis": "z", "origin": [8.07071, -8.61592, 8]},
			"faces": {
				"north": {"uv": [9.5, 15.5, 10.5, 14.5], "texture": "#2"},
				"east": {"uv": [15, 8.5, 15.5, 9.5], "texture": "#2"},
				"south": {"uv": [10.5, 15.5, 9.5, 14.5], "texture": "#2"},
				"west": {"uv": [14, 8, 14.5, 9], "texture": "#2"},
				"up": {"uv": [15, 9, 14, 8.5], "texture": "#2"},
				"down": {"uv": [16, 9, 15, 9.5], "texture": "#2"}
			}
		},
		{
			"from": [6.88186, 19.61592, 6.9],
			"to": [9.08186, 20.61592, 9.1],
			"rotation": {"angle": 0, "axis": "z", "origin": [7.75866, 10.41194, 8]},
			"faces": {
				"north": {"uv": [15, 10, 16, 9.5], "texture": "#2"},
				"east": {"uv": [13, 10, 14, 9.5], "texture": "#2"},
				"south": {"uv": [15, 10, 16, 9.5], "texture": "#2"},
				"west": {"uv": [14, 10, 15, 9.5], "texture": "#2"},
				"up": {"uv": [15, 10, 14, 9], "texture": "#2"},
				"down": {"uv": [12.5, 10.5, 11.5, 11.5], "texture": "#2"}
			}
		},
		{
			"from": [6.97071, 20.11592, 7.4],
			"to": [8.97071, 22.11592, 8.6],
			"rotation": {"angle": 45, "axis": "z", "origin": [8.07071, 21.11592, 8]},
			"faces": {
				"north": {"uv": [9.5, 14.5, 10.5, 15.5], "texture": "#2"},
				"east": {"uv": [14, 9, 14.5, 8], "texture": "#2"},
				"south": {"uv": [10.5, 14.5, 9.5, 15.5], "texture": "#2"},
				"west": {"uv": [14, 9, 14.5, 8], "texture": "#2"},
				"up": {"uv": [15, 9, 14, 8.5], "texture": "#2"},
				"down": {"uv": [15, 8.5, 14, 9], "texture": "#2"}
			}
		},
		{
			"from": [6.88186, -5.11592, 6.9],
			"to": [9.08186, 0.88408, 9.1],
			"rotation": {"angle": 0, "axis": "z", "origin": [7.75866, 10.08806, 8]},
			"faces": {
				"north": {"uv": [15, 13, 14, 16], "texture": "#2"},
				"east": {"uv": [15, 13, 16, 16], "texture": "#2"},
				"south": {"uv": [14, 13, 15, 16], "texture": "#2"},
				"west": {"uv": [13, 13, 14, 16], "texture": "#2"},
				"up": {"uv": [9.5, 11.5, 8.5, 10.5], "texture": "#2"},
				"down": {"uv": [10.5, 10.5, 9.5, 11.5], "texture": "#2"}
			}
		},
		{
			"from": [6.88186, 3.88408, 6.9],
			"to": [9.08186, 9.88408, 9.1],
			"rotation": {"angle": 0, "axis": "z", "origin": [7.75866, 19.08806, 8]},
			"faces": {
				"north": {"uv": [15, 13, 14, 16], "texture": "#2"},
				"east": {"uv": [15, 13, 16, 16], "texture": "#2"},
				"south": {"uv": [14, 13, 15, 16], "texture": "#2"},
				"west": {"uv": [13, 13, 14, 16], "texture": "#2"},
				"up": {"uv": [9.5, 11.5, 8.5, 10.5], "texture": "#2"},
				"down": {"uv": [10.5, 10.5, 9.5, 11.5], "texture": "#2"}
			}
		},
		{
			"from": [6.63186, 9.88408, 6.65],
			"to": [9.33186, 10.88408, 9.35],
			"rotation": {"angle": 0, "axis": "z", "origin": [7.75866, 14.08806, 8]},
			"faces": {
				"north": {"uv": [15, 9.5, 16, 10], "texture": "#2"},
				"east": {"uv": [13, 9.5, 14, 10], "texture": "#2"},
				"south": {"uv": [15, 9.5, 16, 10], "texture": "#2"},
				"west": {"uv": [14, 9.5, 15, 10], "texture": "#2"},
				"up": {"uv": [9.5, 11.5, 8.5, 10.5], "texture": "#2"},
				"down": {"uv": [10.5, 10.5, 9.5, 11.5], "texture": "#2"}
			}
		},
		{
			"from": [6.63186, 2.88408, 6.65],
			"to": [9.33186, 3.88408, 9.35],
			"rotation": {"angle": 0, "axis": "z", "origin": [7.75866, 7.08806, 8]},
			"faces": {
				"north": {"uv": [15, 9.5, 16, 10], "texture": "#2"},
				"east": {"uv": [13, 9.5, 14, 10], "texture": "#2"},
				"south": {"uv": [15, 9.5, 16, 10], "texture": "#2"},
				"west": {"uv": [14, 9.5, 15, 10], "texture": "#2"},
				"up": {"uv": [9.5, 11.5, 8.5, 10.5], "texture": "#2"},
				"down": {"uv": [10.5, 10.5, 9.5, 11.5], "texture": "#2"}
			}
		},
		{
			"from": [6.63186, 0.88408, 6.65],
			"to": [9.33186, 1.88408, 9.35],
			"rotation": {"angle": 0, "axis": "z", "origin": [7.75866, 5.08806, 8]},
			"faces": {
				"north": {"uv": [15, 9.5, 16, 10], "texture": "#2"},
				"east": {"uv": [13, 9.5, 14, 10], "texture": "#2"},
				"south": {"uv": [15, 9.5, 16, 10], "texture": "#2"},
				"west": {"uv": [14, 9.5, 15, 10], "texture": "#2"},
				"up": {"uv": [9.5, 11.5, 8.5, 10.5], "texture": "#2"},
				"down": {"uv": [10.5, 10.5, 9.5, 11.5], "texture": "#2"}
			}
		},
		{
			"from": [7.63995, 14.8, 7.75],
			"to": [12.63995, 19.8, 8.25],
			"rotation": {"angle": 0, "axis": "z", "origin": [10.18995, 17.25, 8]},
			"faces": {
				"north": {"uv": [12, 14.5, 9.5, 12], "rotation": 180, "texture": "#2"},
				"east": {"uv": [15.5, 7, 13, 7.5], "rotation": 180, "texture": "#2"},
				"south": {"uv": [12, 12, 9.5, 14.5], "texture": "#2"},
				"west": {"uv": [15.5, 7.5, 13, 7], "rotation": 180, "texture": "#2"},
				"up": {"uv": [12, 12, 9.5, 12.5], "texture": "#2"},
				"down": {"uv": [9.5, 12, 11.5, 12.5], "rotation": 180, "texture": "#2"}
			}
		},
		{
			"from": [4.55, 15.25, 7.75],
			"to": [8.55, 19.25, 8.25],
			"rotation": {"angle": 45, "axis": "z", "origin": [6.8, 16.5, 8]},
			"faces": {
				"north": {"uv": [2, 6.5, 0, 4.5], "rotation": 180, "texture": "#2"},
				"east": {"uv": [6.5, 16, 9, 14], "rotation": 180, "texture": "#2"},
				"south": {"uv": [2, 4.5, 0, 6.5], "texture": "#2"},
				"west": {"uv": [9.5, 12.5, 10, 14.5], "rotation": 180, "texture": "#2"},
				"up": {"uv": [10, 12.5, 9.5, 14.5], "texture": "#2"},
				"down": {"uv": [8.5, 12.5, 8, 14], "rotation": 180, "texture": "#2"}
			}
		},
		{
			"from": [0.94645, 16.83579, 7.8],
			"to": [7.94645, 19.83579, 8.2],
			"rotation": {"angle": 0, "axis": "z", "origin": [5.44645, 17.33579, 8]},
			"faces": {
				"north": {"uv": [10.5, 5, 14, 3.5], "rotation": 180, "texture": "#2"},
				"east": {"uv": [10.5, 5.5, 11, 3.5], "rotation": 180, "texture": "#2"},
				"south": {"uv": [10.5, 3.5, 14, 5], "texture": "#2"},
				"west": {"uv": [10.5, 4.5, 11, 6], "rotation": 180, "texture": "#2"},
				"up": {"uv": [13, 3.5, 10.75, 4], "texture": "#2"},
				"down": {"uv": [12.5, 4.5, 10.5, 5], "rotation": 180, "texture": "#2"}
			}
		}
	],
	"gui_light": "front",
	"display": {
		"thirdperson_righthand": {
			"rotation": [0, 90, 0],
			"translation": [-0.5, -0.25, 1.25],
			"scale": [0.93, 0.93, 0.93]
		},
		"thirdperson_lefthand": {
			"rotation": [19, -90, 0],
			"translation": [-0.25, 0, 2],
			"scale": [0.73, 0.73, 0.73]
		},
		"firstperson_righthand": {
			"rotation": [-3, 90, 0],
			"translation": [2, -1.75, 2],
			"scale": [0.73, 0.73, 0.73]
		},
		"firstperson_lefthand": {
			"rotation": [-3, -90, 0],
			"translation": [2.25, -1.75, 2],
			"scale": [0.73, 0.73, 0.73]
		},
		"ground": {
			"translation": [0, 1.25, 0],
			"scale": [0.5, 0.5, 0.5]
		},
		"gui": {
			"rotation": [0, -180, 45],
			"translation": [0.25, 0.25, 0],
			"scale": [0.66, 0.66, 0.66]
		},
		"fixed": {
			"rotation": [0, 0, 47],
			"translation": [-0.25, -0.5, 0],
			"scale": [0.75, 0.75, 0.75]
		}
	}
}