{
	"format_version": "1.21.6",
	"credit": "Made with Blockbench",
	"textures": {
		"1": "item/netherite_axe",
		"particle": "item/netherite_axe"
	},
	"elements": [
		{
			"from": [7, 0.15, 7.1],
			"to": [9, 20.5, 8.9],
			"rotation": {"angle": 0, "axis": "y", "origin": [8, 5.5, 8]},
			"faces": {
				"north": {"uv": [5.5, 8.5, 4.5, 13.5], "texture": "#1"},
				"east": {"uv": [6.5, 13.5, 7.5, 8.5], "texture": "#1"},
				"south": {"uv": [4.5, 8.5, 5.5, 13.5], "texture": "#1"},
				"west": {"uv": [5.5, 13.5, 6.5, 8.5], "texture": "#1"},
				"up": {"uv": [10.5, 1, 9.5, 0], "texture": "#1"},
				"down": {"uv": [10.5, 0, 9.5, 1], "texture": "#1"}
			}
		},
		{
			"from": [6.75, 17.5, 6.85],
			"to": [9.25, 20.6, 9.15],
			"rotation": {"angle": 0, "axis": "y", "origin": [8, 6.85, 9.1]},
			"faces": {
				"north": {"uv": [7.5, 10, 8.5, 11.5], "texture": "#1"},
				"east": {"uv": [7.5, 11.5, 8.5, 10], "texture": "#1"},
				"south": {"uv": [7.5, 10, 8.5, 11.5], "texture": "#1"},
				"west": {"uv": [7.5, 11.5, 8.5, 10], "texture": "#1"},
				"up": {"uv": [7, 15, 6, 14], "texture": "#1"},
				"down": {"uv": [7, 14, 6, 15], "texture": "#1"}
			}
		},
		{
			"from": [5.5, 19.1, 5.5],
			"to": [10.5, 19.9, 10.5],
			"rotation": {"angle": 0, "axis": "x", "origin": [8.5, 19.5, 8.5]},
			"faces": {
				"north": {"uv": [12, 12, 9.5, 12.5], "rotation": 180, "texture": "#1"},
				"east": {"uv": [9.5, 12, 10, 14.475], "rotation": 270, "texture": "#1"},
				"south": {"uv": [12, 12.5, 9.5, 12], "texture": "#1"},
				"west": {"uv": [9.5, 12, 10, 14.5], "rotation": 90, "texture": "#1"},
				"up": {"uv": [12, 12, 9.5, 14.5], "rotation": 180, "texture": "#1"},
				"down": {"uv": [9.5, 12, 12, 14.5], "texture": "#1"}
			}
		},
		{
			"from": [7.75, 19.35, 4],
			"to": [15.75, 19.65, 12],
			"rotation": {"angle": 45, "axis": "y", "origin": [11.75, 19.5, 8]},
			"faces": {
				"north": {"uv": [3.5, 10.5, 0, 11], "rotation": 180, "texture": "#1"},
				"east": {"uv": [0, 7.5, 0.5, 11], "rotation": 270, "texture": "#1"},
				"south": {"uv": [3.5, 8, 0, 7.5], "texture": "#1"},
				"west": {"uv": [3, 7.5, 3.5, 11], "rotation": 90, "texture": "#1"},
				"up": {"uv": [0, 7.5, 3.5, 11], "rotation": 180, "texture": "#1"},
				"down": {"uv": [3.5, 7.5, 0, 11], "texture": "#1"}
			}
		},
		{
			"from": [6.9, 3.5, 6.95],
			"to": [9.1, 10.2, 9.05],
			"rotation": {"angle": 0, "axis": "y", "origin": [7.05, 1.5, 7]},
			"faces": {
				"north": {"uv": [15, 12.5, 14, 15.5], "texture": "#1"},
				"east": {"uv": [15, 12.5, 16, 15.5], "texture": "#1"},
				"south": {"uv": [14, 12.5, 15, 15.5], "texture": "#1"},
				"west": {"uv": [13, 12.5, 14, 15.5], "texture": "#1"},
				"up": {"uv": [5, 8.5, 4, 7.5], "texture": "#1"},
				"down": {"uv": [6, 7.5, 5, 8.5], "texture": "#1"}
			}
		},
		{
			"from": [6.8, 2.5, 6.85],
			"to": [9.2, 3.5, 9.15],
			"rotation": {"angle": 0, "axis": "y", "origin": [7.05, 1.5, 7]},
			"faces": {
				"north": {"uv": [15, 9.5, 16, 10], "texture": "#1"},
				"east": {"uv": [14, 9.5, 15, 10], "texture": "#1"},
				"south": {"uv": [15, 9.5, 16, 10], "texture": "#1"},
				"west": {"uv": [14, 9.5, 15, 10], "texture": "#1"},
				"up": {"uv": [11.5, 15.5, 10.5, 14.5], "texture": "#1"},
				"down": {"uv": [11.5, 14.5, 10.5, 15.5], "texture": "#1"}
			}
		},
		{
			"from": [6.95, -0.5, 7.05],
			"to": [9.05, 0.5, 8.95],
			"rotation": {"angle": 0, "axis": "y", "origin": [7.05, -1.5, 7]},
			"faces": {
				"north": {"uv": [15, 9.5, 16, 10], "texture": "#1"},
				"east": {"uv": [14, 9.5, 15, 10], "texture": "#1"},
				"south": {"uv": [15, 9.5, 16, 10], "texture": "#1"},
				"west": {"uv": [14, 9.5, 15, 10], "texture": "#1"},
				"up": {"uv": [11.5, 15.5, 10.5, 14.5], "texture": "#1"},
				"down": {"uv": [15, 9, 14, 10], "texture": "#1"}
			}
		},
		{
			"from": [6.8, 10.15, 6.85],
			"to": [9.2, 11.15, 9.15],
			"rotation": {"angle": 0, "axis": "y", "origin": [7.05, 9.15, 7]},
			"faces": {
				"north": {"uv": [15, 9.5, 16, 10], "texture": "#1"},
				"east": {"uv": [14, 9.5, 15, 10], "texture": "#1"},
				"south": {"uv": [15, 9.5, 16, 10], "texture": "#1"},
				"west": {"uv": [14, 9.5, 15, 10], "texture": "#1"},
				"up": {"uv": [11.5, 15.5, 10.5, 14.5], "texture": "#1"},
				"down": {"uv": [11.5, 14.5, 10.5, 15.5], "texture": "#1"}
			}
		},
		{
			"from": [6.9, 16.65, 6.95],
			"to": [9.1, 17.65, 9.05],
			"rotation": {"angle": 0, "axis": "y", "origin": [7.05, 15.65, 7]},
			"faces": {
				"north": {"uv": [14.5, 8.5, 15.5, 9], "texture": "#1"},
				"east": {"uv": [14, 8.5, 15, 9], "texture": "#1"},
				"south": {"uv": [14.5, 8.5, 15.5, 9], "texture": "#1"},
				"west": {"uv": [14, 8.5, 15, 9], "texture": "#1"},
				"up": {"uv": [11.5, 15.5, 10.5, 14.5], "texture": "#1"},
				"down": {"uv": [11.5, 14.5, 10.5, 15.5], "texture": "#1"}
			}
		},
		{
			"from": [6.19697, -1.95, 7.5],
			"to": [8.19697, 0.05, 8.5],
			"rotation": {"angle": -45, "axis": "z", "origin": [7.94697, -1.775, 8]},
			"faces": {
				"north": {"uv": [9.5, 14.5, 10.5, 15.5], "texture": "#1"},
				"east": {"uv": [15, 9.5, 15.5, 8.5], "texture": "#1"},
				"south": {"uv": [10.5, 14.5, 9.5, 15.5], "texture": "#1"},
				"west": {"uv": [14.5, 9, 14, 8], "texture": "#1"},
				"up": {"uv": [15.5, 9, 14.5, 8.5], "texture": "#1"},
				"down": {"uv": [16, 9, 15, 9.5], "texture": "#1"}
			}
		},
		{
			"from": [6.19697, 19.55, 7.5],
			"to": [8.19697, 21.55, 8.5],
			"rotation": {"angle": -45, "axis": "z", "origin": [7.94697, 19.725, 8]},
			"faces": {
				"north": {"uv": [9.5, 14.5, 10.5, 15.5], "texture": "#1"},
				"east": {"uv": [15, 9.5, 15.5, 8.5], "texture": "#1"},
				"south": {"uv": [10.5, 14.5, 9.5, 15.5], "texture": "#1"},
				"west": {"uv": [14.5, 9, 14, 8], "texture": "#1"},
				"up": {"uv": [15.5, 9, 14.5, 8.5], "texture": "#1"},
				"down": {"uv": [16, 9, 15, 9.5], "texture": "#1"}
			}
		}
	],
	"gui_light": "front",
	"display": {
		"thirdperson_righthand": {
			"rotation": [0, 90, 0],
			"translation": [-0.25, -1, 2],
			"scale": [0.93, 0.93, 0.93]
		},
		"thirdperson_lefthand": {
			"rotation": [0, -90, 0],
			"translation": [-0.25, -0.5, 2]
		},
		"firstperson_righthand": {
			"rotation": [0, 90, 0],
			"translation": [1.75, -2.5, 2],
			"scale": [0.83, 0.83, 0.83]
		},
		"firstperson_lefthand": {
			"rotation": [0, -90, 0],
			"translation": [1.75, -2.5, 2],
			"scale": [0.73, 0.73, 0.73]
		},
		"ground": {
			"translation": [0, 1.25, 0],
			"scale": [0.5, 0.5, 0.5]
		},
		"gui": {
			"rotation": [0, 41, -45],
			"translation": [-3.25, -1.75, 0]
		},
		"fixed": {
			"rotation": [0, 0, 45],
			"translation": [2.75, -2.75, 0]
		}
	}
}