{
	"format_version": "1.21.6",
	"credit": "Made with Blockbench",
	"textures": {
		"2": "item/netherite_axe",
		"particle": "item/netherite_axe"
	},
	"elements": [
		{
			"from": [7, 0.15, 7.1],
			"to": [9, 20.5, 8.9],
			"rotation": {"angle": 0, "axis": "y", "origin": [8, 5.5, 8]},
			"faces": {
				"north": {"uv": [4.5, 3.5, 5.5, 13.5], "texture": "#2"},
				"east": {"uv": [5.5, 3.5, 6.5, 13.5], "texture": "#2"},
				"south": {"uv": [5.5, 3.5, 4.5, 13.5], "texture": "#2"},
				"west": {"uv": [7.5, 3.5, 6.5, 13.5], "texture": "#2"},
				"up": {"uv": [6.5, 11, 5.5, 10], "texture": "#2"},
				"down": {"uv": [6.5, 10, 5.5, 11], "texture": "#2"}
			}
		},
		{
			"from": [6.75, 17.15, 6.85],
			"to": [9.25, 20.6, 9.15],
			"rotation": {"angle": 0, "axis": "y", "origin": [8, 5.5, 8]},
			"faces": {
				"north": {"uv": [1, 12, 2, 13.5], "texture": "#2"},
				"east": {"uv": [1, 13.5, 2, 12], "texture": "#2"},
				"south": {"uv": [1, 12, 2, 13.5], "texture": "#2"},
				"west": {"uv": [2, 13.5, 1, 12], "texture": "#2"},
				"up": {"uv": [2, 13, 1, 12], "texture": "#2"},
				"down": {"uv": [2, 12, 1, 13], "texture": "#2"}
			}
		},
		{
			"from": [6.19697, 17.55, 7.5],
			"to": [10.69697, 22.05, 8.5],
			"rotation": {"angle": -45, "axis": "z", "origin": [7.94697, 20.225, 8]},
			"faces": {
				"north": {"uv": [0, 4.5, 2, 6.5], "texture": "#2"},
				"east": {"uv": [0, 6.5, 0.5, 4.5], "texture": "#2"},
				"south": {"uv": [2, 4.5, 0, 6.5], "texture": "#2"},
				"west": {"uv": [0.5, 6.5, 0, 4.5], "texture": "#2"},
				"up": {"uv": [2, 5, 0, 4.5], "texture": "#2"},
				"down": {"uv": [2, 4.5, 0, 5], "texture": "#2"}
			}
		},
		{
			"from": [7.5, 16.8, 5.59593],
			"to": [8.5, 21.3, 10.09593],
			"rotation": {"angle": -45, "axis": "x", "origin": [8, 19.475, 7.34593]},
			"faces": {
				"north": {"uv": [0.5, 6.5, 0, 4.5], "texture": "#2"},
				"east": {"uv": [0, 4.5, 2, 6.5], "texture": "#2"},
				"south": {"uv": [0, 6.5, 0.5, 4.5], "texture": "#2"},
				"west": {"uv": [2, 4.5, 0, 6.5], "texture": "#2"},
				"up": {"uv": [2, 5, 0, 4.5], "rotation": 90, "texture": "#2"},
				"down": {"uv": [2, 4.5, 0, 5], "rotation": 270, "texture": "#2"}
			}
		},
		{
			"from": [6.19697, -1.95, 7.5],
			"to": [8.19697, 0.05, 8.5],
			"rotation": {"angle": -45, "axis": "z", "origin": [7.94697, -1.775, 8]},
			"faces": {
				"north": {"uv": [9.5, 14.5, 10.5, 15.5], "texture": "#2"},
				"east": {"uv": [14, 9, 14.5, 8], "texture": "#2"},
				"south": {"uv": [10.5, 14.5, 9.5, 15.5], "texture": "#2"},
				"west": {"uv": [14.5, 9, 14, 8], "texture": "#2"},
				"up": {"uv": [15, 9, 14, 8.5], "texture": "#2"},
				"down": {"uv": [15, 8.5, 14, 9], "texture": "#2"}
			}
		},
		{
			"from": [6.19697, 21.05, 7.55],
			"to": [8.19697, 23.05, 8.45],
			"rotation": {"angle": -45, "axis": "z", "origin": [7.94697, 21.225, 8.05]},
			"faces": {
				"north": {"uv": [9.5, 14.5, 10.5, 15.5], "texture": "#2"},
				"east": {"uv": [14, 9, 14.5, 8], "texture": "#2"},
				"south": {"uv": [10.5, 14.5, 9.5, 15.5], "texture": "#2"},
				"west": {"uv": [14.5, 9, 14, 8], "texture": "#2"},
				"up": {"uv": [15, 9, 14, 8.5], "texture": "#2"},
				"down": {"uv": [15, 8.5, 14, 9], "texture": "#2"}
			}
		},
		{
			"from": [8.73358, 18.11061, 7.85],
			"to": [15.73358, 20.11061, 8.15],
			"rotation": {"angle": -22.5, "axis": "z", "origin": [12.23358, 18.61061, 8]},
			"faces": {
				"north": {"uv": [0, 11, 3, 12], "texture": "#2"},
				"east": {"uv": [0.5, 7.5, 1, 8.5], "texture": "#2"},
				"south": {"uv": [3, 11, 0, 12], "texture": "#2"},
				"west": {"uv": [3, 8, 3.5, 9], "texture": "#2"},
				"up": {"uv": [3, 9, 0, 8.5], "texture": "#2"},
				"down": {"uv": [3, 10, 0, 10.5], "texture": "#2"}
			}
		},
		{
			"from": [0, 19.45, 7.85],
			"to": [7, 21.45, 8.15],
			"rotation": {"angle": 22.5, "axis": "z", "origin": [7, 19.95, 8]},
			"faces": {
				"north": {"uv": [3, 11, 0, 12], "texture": "#2"},
				"east": {"uv": [3.5, 8, 3, 9], "texture": "#2"},
				"south": {"uv": [0, 11, 3, 12], "texture": "#2"},
				"west": {"uv": [1, 7.5, 0.5, 8.5], "texture": "#2"},
				"up": {"uv": [0, 9, 3, 8.5], "texture": "#2"},
				"down": {"uv": [0, 10, 3, 10.5], "texture": "#2"}
			}
		},
		{
			"from": [2.5, 18.4, 7.95],
			"to": [7, 19.4, 8.05],
			"rotation": {"angle": 22.5, "axis": "z", "origin": [7, 18.65, 8]},
			"faces": {
				"north": {"uv": [13, 1.5, 10.5, 2], "texture": "#2"},
				"east": {"uv": [9.5, 0, 9, 3.5], "texture": "#2"},
				"south": {"uv": [10.5, 1.5, 13, 2], "texture": "#2"},
				"west": {"uv": [9, 6, 8.5, 6.5], "texture": "#2"},
				"up": {"uv": [8, 5.5, 11.5, 5], "texture": "#2"},
				"down": {"uv": [0.5, 10, 3, 10.5], "texture": "#2"}
			}
		},
		{
			"from": [9, 18.4, 7.95],
			"to": [13.5, 19.4, 8.05],
			"rotation": {"angle": -22.5, "axis": "z", "origin": [9, 18.65, 8]},
			"faces": {
				"north": {"uv": [10.5, 1.5, 13, 2], "texture": "#2"},
				"east": {"uv": [8.5, 6, 9, 6.5], "texture": "#2"},
				"south": {"uv": [13, 1.5, 10.5, 2], "texture": "#2"},
				"west": {"uv": [9, 0, 9.5, 3.5], "texture": "#2"},
				"up": {"uv": [11.5, 5.5, 8, 5], "texture": "#2"},
				"down": {"uv": [3, 10, 0.5, 10.5], "texture": "#2"}
			}
		},
		{
			"from": [6.9, 3.5, 6.95],
			"to": [9.1, 10.2, 9.05],
			"rotation": {"angle": 0, "axis": "y", "origin": [7.05, 1.5, 7]},
			"faces": {
				"north": {"uv": [13.5, 12.5, 14.5, 15.5], "texture": "#2"},
				"east": {"uv": [13, 12.5, 14, 15.5], "texture": "#2"},
				"south": {"uv": [14.5, 12.5, 13.5, 15.5], "texture": "#2"},
				"west": {"uv": [14.5, 12.5, 15.5, 15.5], "texture": "#2"},
				"up": {"uv": [5, 8.5, 4, 7.5], "texture": "#2"},
				"down": {"uv": [6, 7.5, 5, 8.5], "texture": "#2"}
			}
		},
		{
			"from": [6.8, 2.5, 6.85],
			"to": [9.2, 3.5, 9.15],
			"rotation": {"angle": 0, "axis": "y", "origin": [7.05, 1.5, 7]},
			"faces": {
				"north": {"uv": [15, 9.5, 16, 10], "texture": "#2"},
				"east": {"uv": [14, 9.5, 15, 10], "texture": "#2"},
				"south": {"uv": [15, 9.5, 16, 10], "texture": "#2"},
				"west": {"uv": [14, 9.5, 15, 10], "texture": "#2"},
				"up": {"uv": [9.5, 11.5, 8.5, 10.5], "texture": "#2"},
				"down": {"uv": [9.5, 10.5, 8.5, 11.5], "texture": "#2"}
			}
		},
		{
			"from": [6.95, -0.25, 7.05],
			"to": [9.05, 0.75, 8.95],
			"rotation": {"angle": 0, "axis": "y", "origin": [7.05, -1.25, 7]},
			"faces": {
				"north": {"uv": [15, 9.5, 16, 10], "texture": "#2"},
				"east": {"uv": [14, 9.5, 15, 10], "texture": "#2"},
				"south": {"uv": [15, 9.5, 16, 10], "texture": "#2"},
				"west": {"uv": [14, 9.5, 15, 10], "texture": "#2"},
				"up": {"uv": [9.5, 11.5, 8.5, 10.5], "texture": "#2"},
				"down": {"uv": [15, 9, 14, 10], "texture": "#2"}
			}
		},
		{
			"from": [6.8, 10.15, 6.85],
			"to": [9.2, 11.15, 9.15],
			"rotation": {"angle": 0, "axis": "y", "origin": [7.05, 9.15, 7]},
			"faces": {
				"north": {"uv": [15, 9.5, 16, 10], "texture": "#2"},
				"east": {"uv": [14, 9.5, 15, 10], "texture": "#2"},
				"south": {"uv": [15, 9.5, 16, 10], "texture": "#2"},
				"west": {"uv": [14, 9.5, 15, 10], "texture": "#2"},
				"up": {"uv": [9.5, 11.5, 8.5, 10.5], "texture": "#2"},
				"down": {"uv": [9.5, 10.5, 8.5, 11.5], "texture": "#2"}
			}
		},
		{
			"from": [6.8, 16.15, 6.85],
			"to": [9.2, 17.15, 9.15],
			"rotation": {"angle": 0, "axis": "y", "origin": [7.05, 15.15, 7]},
			"faces": {
				"north": {"uv": [14.5, 8.5, 15.5, 9], "texture": "#2"},
				"east": {"uv": [14, 8.5, 15, 9], "texture": "#2"},
				"south": {"uv": [14.5, 8.5, 15.5, 9], "texture": "#2"},
				"west": {"uv": [14, 8.5, 15, 9], "texture": "#2"},
				"up": {"uv": [9.5, 11.5, 8.5, 10.5], "texture": "#2"},
				"down": {"uv": [10.5, 14.5, 9.5, 15.5], "texture": "#2"}
			}
		}
	],
	"gui_light": "front",
	"display": {
		"thirdperson_righthand": {
			"rotation": [0, -90, 0],
			"translation": [-0.25, -1.25, 1.5],
			"scale": [0.93, 0.93, 0.93]
		},
		"thirdperson_lefthand": {
			"rotation": [0, -90, 0],
			"translation": [-0.25, -0.75, 2],
			"scale": [0.73, 0.73, 0.73]
		},
		"firstperson_righthand": {
			"rotation": [0, -90, 0],
			"translation": [2, -4.5, 1.5]
		},
		"firstperson_lefthand": {
			"rotation": [0, -90, 0],
			"translation": [2, -4.5, 1.5]
		},
		"ground": {
			"translation": [0, 1.25, 0],
			"scale": [0.5, 0.5, 0.5]
		},
		"gui": {
			"rotation": [0, 0, -45],
			"translation": [-2.75, -2.25, 0]
		},
		"fixed": {
			"rotation": [0, 0, 45],
			"translation": [2.75, -2.75, 0]
		}
	}
}