{
	"format_version": "1.21.6",
	"credit": "Made with Blockbench",
	"textures": {
		"2": "item/wooden_axe",
		"particle": "item/wooden_axe"
	},
	"elements": [
		{
			"from": [7, 0.15, 7.1],
			"to": [9, 19.5, 8.9],
			"rotation": {"angle": 0, "axis": "y", "origin": [8, 5.5, 8]},
			"faces": {
				"north": {"uv": [5.5, 0, 6.5, 10], "texture": "#2"},
				"east": {"uv": [5.5, 10, 6.5, 0], "texture": "#2"},
				"south": {"uv": [5.5, 0, 6.5, 10], "texture": "#2"},
				"west": {"uv": [5.5, 10, 6.5, 0], "texture": "#2"},
				"up": {"uv": [10, 8, 9, 7], "texture": "#2"},
				"down": {"uv": [10, 3.5, 9, 4.5], "texture": "#2"}
			}
		},
		{
			"from": [7, 19.15, 7.1],
			"to": [9, 20.5, 7.8],
			"rotation": {"angle": 0, "axis": "y", "origin": [8, 6.5, 8]},
			"faces": {
				"north": {"uv": [5.5, 0, 6.5, 0.5], "texture": "#2"},
				"east": {"uv": [3, 7, 4, 9.5], "texture": "#2"},
				"south": {"uv": [9.5, 0, 10.5, 0.5], "texture": "#2"},
				"west": {"uv": [7.5, 2.5, 8, 3], "texture": "#2"},
				"up": {"uv": [10, 6.5, 9, 6], "texture": "#2"},
				"down": {"uv": [10, 8, 9, 9], "texture": "#2"}
			}
		},
		{
			"from": [2.53934, 11.75, 7.93934],
			"to": [7.53934, 15.75, 7.93934],
			"rotation": {"angle": 35, "axis": "y", "origin": [7.1, 12.75, 9]},
			"faces": {
				"north": {"uv": [12, 4, 14.5, 6], "texture": "#2"},
				"east": {"uv": [17, 4, 17, 6], "texture": "#2"},
				"south": {"uv": [14.5, 4, 12, 6], "texture": "#2"},
				"west": {"uv": [14, 4, 14, 6], "texture": "#2"},
				"up": {"uv": [14, 4, 14, 1], "rotation": 270, "texture": "#2"},
				"down": {"uv": [14, 1, 14, 4], "rotation": 90, "texture": "#2"}
			}
		},
		{
			"from": [7, 19.15, 8.2],
			"to": [9, 20.5, 8.9],
			"rotation": {"angle": 0, "axis": "y", "origin": [8, 6.5, 9.1]},
			"faces": {
				"north": {"uv": [9.5, 0, 10.5, 0.5], "texture": "#2"},
				"east": {"uv": [3, 7, 4, 9.5], "texture": "#2"},
				"south": {"uv": [5.5, 0, 6.5, 0.5], "texture": "#2"},
				"west": {"uv": [7.5, 2.5, 8, 3], "texture": "#2"},
				"up": {"uv": [10, 6.5, 9, 6], "texture": "#2"},
				"down": {"uv": [10, 8, 9, 9], "texture": "#2"}
			}
		},
		{
			"from": [7.1, 20.15, 7.8],
			"to": [8.9, 21.5, 8.2],
			"rotation": {"angle": 0, "axis": "y", "origin": [8, 5.5, 8]},
			"faces": {
				"north": {"uv": [10.5, 2, 11.5, 3], "texture": "#2"},
				"east": {"uv": [10.5, 2, 11, 3], "texture": "#2"},
				"south": {"uv": [10.5, 2, 11.5, 3], "texture": "#2"},
				"west": {"uv": [11, 2, 11.5, 3], "texture": "#2"},
				"up": {"uv": [11.5, 2.5, 10.5, 2], "texture": "#2"},
				"down": {"uv": [11.5, 2, 10.5, 2.5], "texture": "#2"}
			}
		},
		{
			"from": [6, 19.1, 5],
			"to": [11, 19.9, 11],
			"rotation": {"angle": 0, "axis": "x", "origin": [9, 19.5, 8.5]},
			"faces": {
				"north": {"uv": [12.5, 5.5, 8, 6], "rotation": 180, "texture": "#2"},
				"east": {"uv": [2.5, 0, 3, 4.475], "rotation": 270, "texture": "#2"},
				"south": {"uv": [12.5, 5.5, 8, 5], "texture": "#2"},
				"west": {"uv": [9, 0, 9.5, 3.5], "rotation": 90, "texture": "#2"},
				"up": {"uv": [0, 0.5, 2.5, 4], "rotation": 180, "texture": "#2"},
				"down": {"uv": [0, 0.5, 2.5, 4], "texture": "#2"}
			}
		},
		{
			"from": [11, 19.35, 4.25],
			"to": [16, 19.65, 12],
			"rotation": {"angle": 0, "axis": "x", "origin": [9, 19.5, 8.5]},
			"faces": {
				"north": {"uv": [12.5, 5.5, 8, 6], "rotation": 180, "texture": "#2"},
				"east": {"uv": [8.5, 6, 9, 9.5], "rotation": 270, "texture": "#2"},
				"south": {"uv": [12.5, 5.5, 8, 5], "texture": "#2"},
				"west": {"uv": [9, 0, 9.5, 3.5], "rotation": 90, "texture": "#2"},
				"up": {"uv": [10.5, 0, 13, 3.875], "rotation": 180, "texture": "#2"},
				"down": {"uv": [13, 0, 10.5, 3.875], "texture": "#2"}
			}
		},
		{
			"from": [6.75, 4.15, 6.85],
			"to": [9.25, 9, 9.15],
			"rotation": {"angle": 0, "axis": "y", "origin": [8, 5.5, 8]},
			"faces": {
				"north": {"uv": [7, 12, 8, 14.5], "texture": "#2"},
				"east": {"uv": [6, 14.5, 7, 12], "texture": "#2"},
				"south": {"uv": [7, 12, 8, 14.5], "texture": "#2"},
				"west": {"uv": [6, 14.5, 7, 12], "texture": "#2"}
			}
		},
		{
			"from": [6.11469, 6.31483, 6.8],
			"to": [9.56469, 7.31483, 9.2],
			"rotation": {"angle": -23.5, "axis": "z", "origin": [9.391, 6.88749, 8]},
			"faces": {
				"north": {"uv": [11.5, 7, 11, 8], "rotation": 90, "texture": "#2"},
				"east": {"uv": [11.5, 6, 12, 7], "rotation": 270, "texture": "#2"},
				"south": {"uv": [11.5, 7, 11, 8], "rotation": 270, "texture": "#2"},
				"west": {"uv": [11, 7, 11.5, 6], "rotation": 270, "texture": "#2"},
				"up": {"uv": [12.5, 7, 11.5, 8], "rotation": 270, "texture": "#2"},
				"down": {"uv": [11, 7, 10, 8], "rotation": 270, "texture": "#2"}
			}
		},
		{
			"from": [6.516, 4.86251, 6.8],
			"to": [9.316, 5.86251, 9.2],
			"rotation": {"angle": -1.5, "axis": "z", "origin": [7.991, 5.36251, 8]},
			"faces": {
				"north": {"uv": [11, 8, 11.5, 7], "rotation": 270, "texture": "#2"},
				"east": {"uv": [11, 7, 11.5, 6], "rotation": 90, "texture": "#2"},
				"south": {"uv": [11.5, 8, 11, 7], "rotation": 90, "texture": "#2"},
				"west": {"uv": [11.5, 6, 12, 7], "rotation": 90, "texture": "#2"},
				"up": {"uv": [11, 7, 10, 8], "rotation": 90, "texture": "#2"},
				"down": {"uv": [12.5, 7, 11.5, 8], "rotation": 90, "texture": "#2"}
			}
		}
	],
	"gui_light": "front",
	"display": {
		"thirdperson_righthand": {
			"rotation": [0, 90, 0],
			"translation": [-0.25, -0.5, 2],
			"scale": [0.73, 0.73, 0.73]
		},
		"thirdperson_lefthand": {
			"rotation": [0, -90, 0],
			"translation": [-0.25, -0.5, 2]
		},
		"firstperson_righthand": {
			"rotation": [0, 90, 0],
			"translation": [1.75, -2.5, 2],
			"scale": [0.73, 0.73, 0.73]
		},
		"firstperson_lefthand": {
			"rotation": [0, -90, 0],
			"translation": [1.75, -2.5, 2],
			"scale": [0.73, 0.73, 0.73]
		},
		"ground": {
			"translation": [0, 1.25, 0],
			"scale": [0.5, 0.5, 0.5]
		},
		"gui": {
			"rotation": [0, 41, -45],
			"translation": [-3.25, -1.75, 0]
		},
		"fixed": {
			"rotation": [0, 0, 45],
			"translation": [2.75, -2.75, 0]
		}
	}
}