{
	"format_version": "1.21.6",
	"credit": "Made with Blockbench",
	"textures": {
		"2": "item/wooden_axe",
		"particle": "item/wooden_axe"
	},
	"elements": [
		{
			"from": [9.25838, 15.96136, 6.8],
			"to": [10.25838, 20.66136, 9.2],
			"rotation": {"angle": -43.5, "axis": "z", "origin": [9.75, 20.5, 7.375]},
			"faces": {
				"north": {"uv": [12.5, 7, 13, 9], "texture": "#2"},
				"south": {"uv": [11, 7, 11.5, 9.5], "texture": "#2"},
				"up": {"uv": [11.5, 7, 11, 6], "texture": "#2"},
				"down": {"uv": [12, 6, 11.5, 7], "texture": "#2"}
			}
		},
		{
			"from": [6.06173, 15.96958, 6.75],
			"to": [7.06173, 20.46958, 9.25],
			"rotation": {"angle": 44, "axis": "z", "origin": [6.6, 20, 7.375]},
			"faces": {
				"north": {"uv": [11.5, 7, 11, 9], "texture": "#2"},
				"east": {"uv": [12.5, 7, 11.5, 12.5], "texture": "#2"},
				"south": {"uv": [13, 7, 12.5, 9], "texture": "#2"},
				"west": {"uv": [11, 7, 10, 12.5], "texture": "#2"},
				"up": {"uv": [11, 7, 11.5, 6], "texture": "#2"},
				"down": {"uv": [11.5, 6, 12, 7], "texture": "#2"}
			}
		},
		{
			"from": [7, 0.15, 7.1],
			"to": [9, 21, 8.9],
			"rotation": {"angle": 0, "axis": "y", "origin": [8, 5.5, 8]},
			"faces": {
				"north": {"uv": [5.5, 0, 6.5, 10], "texture": "#2"},
				"east": {"uv": [5.5, 10, 6.5, 0], "texture": "#2"},
				"south": {"uv": [5.5, 0, 6.5, 10], "texture": "#2"},
				"west": {"uv": [5.5, 10, 6.5, 0], "texture": "#2"},
				"up": {"uv": [2.5, 1, 1.5, 0], "texture": "#2"},
				"down": {"uv": [2.5, 0, 1.5, 1], "texture": "#2"}
			}
		},
		{
			"from": [6.75, 4.15, 6.85],
			"to": [9.25, 9, 9.15],
			"rotation": {"angle": 0, "axis": "y", "origin": [8, 5.5, 8]},
			"faces": {
				"north": {"uv": [7, 12, 8, 14.5], "texture": "#2"},
				"east": {"uv": [6, 14.5, 7, 12], "texture": "#2"},
				"south": {"uv": [7, 12, 8, 14.5], "texture": "#2"},
				"west": {"uv": [6, 14.5, 7, 12], "texture": "#2"}
			}
		},
		{
			"from": [6.75, 17.15, 6.85],
			"to": [9.25, 20.5, 9.15],
			"rotation": {"angle": 0, "axis": "y", "origin": [8, 5.5, 8]},
			"faces": {
				"north": {"uv": [0, 0.5, 1, 3], "texture": "#2"},
				"east": {"uv": [1, 0.5, 2, 3], "texture": "#2"},
				"south": {"uv": [0, 0.5, 1, 3], "texture": "#2"},
				"west": {"uv": [1, 0.5, 2, 3], "texture": "#2"},
				"up": {"uv": [10, 7, 9, 6], "texture": "#2"},
				"down": {"uv": [10, 6, 9, 7], "texture": "#2"}
			}
		},
		{
			"from": [9, 17.7, 7.85],
			"to": [16, 20.45, 8.15],
			"rotation": {"angle": -22.5, "axis": "z", "origin": [9, 19.95, 8]},
			"faces": {
				"north": {"uv": [10.5, 0.5, 14, 2], "texture": "#2"},
				"east": {"uv": [8.5, 6, 9, 9.5], "texture": "#2"},
				"south": {"uv": [14, 0.5, 10.5, 2], "texture": "#2"},
				"west": {"uv": [9, 0, 9.5, 3.5], "texture": "#2"},
				"up": {"uv": [11.5, 5.5, 8, 5], "texture": "#2"},
				"down": {"uv": [11.5, 5.5, 8, 6], "texture": "#2"}
			}
		},
		{
			"from": [0, 17.7, 7.85],
			"to": [7, 20.45, 8.15],
			"rotation": {"angle": 22.5, "axis": "z", "origin": [7, 19.95, 8]},
			"faces": {
				"north": {"uv": [14, 0.5, 10.5, 2], "texture": "#2"},
				"east": {"uv": [9.5, 0, 9, 3.5], "texture": "#2"},
				"south": {"uv": [10.5, 0.5, 14, 2], "texture": "#2"},
				"west": {"uv": [9, 6, 8.5, 9.5], "texture": "#2"},
				"up": {"uv": [8, 5.5, 11.5, 5], "texture": "#2"},
				"down": {"uv": [8, 5.5, 11.5, 6], "texture": "#2"}
			}
		},
		{
			"from": [6.11469, 6.31483, 6.8],
			"to": [9.56469, 7.31483, 9.2],
			"rotation": {"angle": -23.5, "axis": "z", "origin": [9.391, 6.88749, 8]},
			"faces": {
				"north": {"uv": [11.5, 7, 11, 8], "rotation": 90, "texture": "#2"},
				"east": {"uv": [11.5, 6, 12, 7], "rotation": 270, "texture": "#2"},
				"south": {"uv": [11.5, 7, 11, 8], "rotation": 270, "texture": "#2"},
				"west": {"uv": [11, 7, 11.5, 6], "rotation": 270, "texture": "#2"},
				"up": {"uv": [12.5, 7, 11.5, 8], "rotation": 270, "texture": "#2"},
				"down": {"uv": [11, 7, 10, 8], "rotation": 270, "texture": "#2"}
			}
		},
		{
			"from": [6.516, 4.86251, 6.8],
			"to": [9.316, 5.86251, 9.2],
			"rotation": {"angle": -1.5, "axis": "z", "origin": [7.991, 5.36251, 8]},
			"faces": {
				"north": {"uv": [11, 8, 11.5, 7], "rotation": 270, "texture": "#2"},
				"east": {"uv": [11, 7, 11.5, 6], "rotation": 90, "texture": "#2"},
				"south": {"uv": [11.5, 8, 11, 7], "rotation": 90, "texture": "#2"},
				"west": {"uv": [11.5, 6, 12, 7], "rotation": 90, "texture": "#2"},
				"up": {"uv": [11, 7, 10, 8], "rotation": 90, "texture": "#2"},
				"down": {"uv": [12.5, 7, 11.5, 8], "rotation": 90, "texture": "#2"}
			}
		}
	],
	"gui_light": "front",
	"display": {
		"thirdperson_righthand": {
			"rotation": [0, -90, 0],
			"translation": [-0.25, -0.75, 2],
			"scale": [0.73, 0.73, 0.73]
		},
		"thirdperson_lefthand": {
			"rotation": [0, -90, 0],
			"translation": [-0.25, -0.75, 2],
			"scale": [0.73, 0.73, 0.73]
		},
		"firstperson_righthand": {
			"rotation": [0, -90, 0],
			"translation": [2, -4.5, 1.5]
		},
		"firstperson_lefthand": {
			"rotation": [0, -90, 0],
			"translation": [2, -4.5, 1.5]
		},
		"ground": {
			"translation": [0, 1.25, 0],
			"scale": [0.5, 0.5, 0.5]
		},
		"gui": {
			"rotation": [0, 0, -45],
			"translation": [-2.75, -2.25, 0]
		},
		"fixed": {
			"rotation": [0, 0, 45],
			"translation": [2.75, -2.75, 0]
		}
	}
}