{
	"format_version": "1.21.6",
	"credit": "Made with Blockbench",
	"parent": "minecraft:item/spear_in_hand",
	"textures": {
		"2": "item/wooden_spear_in_hand",
		"particle": "item/wooden_spear_in_hand"
	},
	"elements": [
		{
			"from": [7, -10, 7.1],
			"to": [9, 24, 8.9],
			"rotation": {"angle": 0, "axis": "y", "origin": [8, 5.5, 8]},
			"faces": {
				"north": {"uv": [4.5, 0, 5.5, 16], "texture": "#2"},
				"east": {"uv": [5.5, 16, 6.5, 0], "texture": "#2"},
				"south": {"uv": [4.5, 0, 5.5, 16], "texture": "#2"},
				"west": {"uv": [5.5, 16, 6.5, 0], "texture": "#2"},
				"up": {"uv": [11.5, 2.5, 10.5, 1.5], "texture": "#2"},
				"down": {"uv": [11.5, 1, 10.5, 2], "texture": "#2"}
			}
		},
		{
			"from": [7.46066, 16, 8.93934],
			"to": [12.46066, 20, 8.93934],
			"rotation": {"angle": -35, "axis": "y", "origin": [7.9, 17, 10]},
			"faces": {
				"north": {"uv": [16, 14, 13.5, 16], "texture": "#2"},
				"east": {"uv": [14, 4, 14, 6], "texture": "#2"},
				"south": {"uv": [13.5, 14, 16, 16], "texture": "#2"},
				"west": {"uv": [17, 4, 17, 6], "texture": "#2"},
				"up": {"uv": [14, 1, 14, 4], "rotation": 270, "texture": "#2"},
				"down": {"uv": [14, 4, 14, 1], "rotation": 90, "texture": "#2"}
			}
		},
		{
			"from": [2.53934, -8, 7.06066],
			"to": [8.53934, -1, 7.06066],
			"rotation": {"angle": -35, "axis": "y", "origin": [8.1, -7, 6]},
			"faces": {
				"north": {"uv": [13, 10.5, 16, 14], "texture": "#2"},
				"east": {"uv": [17, 4, 17, 6], "texture": "#2"},
				"south": {"uv": [16, 10.5, 13, 14], "texture": "#2"},
				"west": {"uv": [14, 4, 14, 6], "texture": "#2"},
				"up": {"uv": [14, 4, 14, 1], "rotation": 270, "texture": "#2"},
				"down": {"uv": [14, 1, 14, 4], "rotation": 90, "texture": "#2"}
			}
		},
		{
			"from": [6.75, 24, 8],
			"to": [9.25, 28, 8],
			"rotation": {"angle": -45, "axis": "y", "origin": [8, 26, 8]},
			"faces": {
				"north": {"uv": [14, 0, 15.5, 2], "texture": "#2"},
				"east": {"uv": [11, 1, 11.5, 0], "texture": "#2"},
				"south": {"uv": [14, 0, 15.5, 2], "texture": "#2"},
				"west": {"uv": [11, 1, 11.5, 0], "texture": "#2"},
				"up": {"uv": [11.5, 3, 10.5, 2.5], "texture": "#2"},
				"down": {"uv": [10, 6, 9, 7], "texture": "#2"}
			}
		},
		{
			"from": [6.75, 24, 8],
			"to": [9.25, 28, 8],
			"rotation": {"angle": 45, "axis": "y", "origin": [8, 26, 8]},
			"faces": {
				"north": {"uv": [14, 0, 15.5, 2], "texture": "#2"},
				"east": {"uv": [11.5, 1, 11, 0], "texture": "#2"},
				"south": {"uv": [14, 0, 15.5, 2], "texture": "#2"},
				"west": {"uv": [11.5, 1, 11, 0], "texture": "#2"},
				"up": {"uv": [10.5, 3, 11.5, 2.5], "texture": "#2"},
				"down": {"uv": [9, 6, 10, 7], "texture": "#2"}
			}
		},
		{
			"from": [6.516, 1.86251, 6.8],
			"to": [9.316, 2.86251, 9.2],
			"rotation": {"angle": -1.5, "axis": "z", "origin": [7.991, 2.36251, 8]},
			"faces": {
				"north": {"uv": [11, 8, 11.5, 7], "rotation": 270, "texture": "#2"},
				"east": {"uv": [11, 7, 11.5, 6], "rotation": 90, "texture": "#2"},
				"south": {"uv": [11.5, 8, 11, 7], "rotation": 90, "texture": "#2"},
				"west": {"uv": [11.5, 6, 12, 7], "rotation": 90, "texture": "#2"},
				"up": {"uv": [11, 7, 10, 8], "rotation": 90, "texture": "#2"},
				"down": {"uv": [12.5, 7, 11.5, 8], "rotation": 90, "texture": "#2"}
			}
		},
		{
			"from": [6.516, 11.86251, 6.8],
			"to": [9.316, 12.86251, 9.2],
			"rotation": {"angle": -1.5, "axis": "z", "origin": [7.991, 12.36251, 8]},
			"faces": {
				"north": {"uv": [11, 8, 11.5, 7], "rotation": 270, "texture": "#2"},
				"east": {"uv": [11, 7, 11.5, 6], "rotation": 90, "texture": "#2"},
				"south": {"uv": [11.5, 8, 11, 7], "rotation": 90, "texture": "#2"},
				"west": {"uv": [11.5, 6, 12, 7], "rotation": 90, "texture": "#2"},
				"up": {"uv": [11, 7, 10, 8], "rotation": 90, "texture": "#2"},
				"down": {"uv": [12.5, 7, 11.5, 8], "rotation": 90, "texture": "#2"}
			}
		},
		{
			"from": [6.11469, 8.31483, 6.8],
			"to": [9.56469, 9.31483, 9.2],
			"rotation": {"angle": -23.5, "axis": "z", "origin": [9.391, 8.88749, 8]},
			"faces": {
				"north": {"uv": [11.5, 7, 11, 8], "rotation": 90, "texture": "#2"},
				"east": {"uv": [12.5, 6, 13, 7], "rotation": 270, "texture": "#2"},
				"south": {"uv": [13, 7, 12.5, 8], "rotation": 270, "texture": "#2"},
				"west": {"uv": [13, 7, 13.5, 6], "rotation": 270, "texture": "#2"},
				"up": {"uv": [12.5, 7, 11.5, 8], "rotation": 270, "texture": "#2"},
				"down": {"uv": [11, 7, 10, 8], "rotation": 270, "texture": "#2"}
			}
		},
		{
			"from": [6.43531, 3.31483, 6.8],
			"to": [9.88531, 4.31483, 9.2],
			"rotation": {"angle": 23.5, "axis": "z", "origin": [6.609, 3.88749, 8]},
			"faces": {
				"north": {"uv": [13, 8, 12.5, 7], "rotation": 90, "texture": "#2"},
				"east": {"uv": [12.5, 6, 13, 7], "rotation": 270, "texture": "#2"},
				"south": {"uv": [13, 8, 12.5, 7], "rotation": 270, "texture": "#2"},
				"west": {"uv": [13, 7, 13.5, 6], "rotation": 270, "texture": "#2"},
				"up": {"uv": [12.5, 8, 11.5, 7], "rotation": 270, "texture": "#2"},
				"down": {"uv": [11, 8, 10, 7], "rotation": 270, "texture": "#2"}
			}
		},
		{
			"from": [6.75, 2.15, 6.85],
			"to": [9.25, 12, 9.15],
			"rotation": {"angle": 0, "axis": "y", "origin": [8, 5.5, 8]},
			"faces": {
				"north": {"uv": [9, 10, 10, 14], "texture": "#2"},
				"east": {"uv": [8, 14.5, 9, 10.5], "texture": "#2"},
				"south": {"uv": [10, 10, 9, 14], "texture": "#2"},
				"west": {"uv": [10, 14.5, 11, 10.5], "texture": "#2"}
			}
		}
	],
	"display": {
		"thirdperson_righthand": {
			"rotation": [0, 90, 0],
			"translation": [-0.25, -1.5, 1.75],
			"scale": [0.73, 0.73, 0.73]
		},
		"thirdperson_lefthand": {
			"rotation": [0, 90, 0],
			"translation": [-0.25, -0.5, 1.75]
		},
		"firstperson_righthand": {
			"rotation": [0, -90, 0],
			"translation": [1.75, -1.75, 0],
			"scale": [0.73, 0.73, 0.73]
		},
		"firstperson_lefthand": {
			"rotation": [0, -90, 0],
			"translation": [1.75, -1.75, 0],
			"scale": [0.73, 0.73, 0.73]
		},
		"ground": {
			"translation": [0, 8, 0],
			"scale": [0.5, 0.5, 0.5]
		},
		"gui": {
			"rotation": [0, 0, -45],
			"scale": [0.54, 0.54, 0.54]
		},
		"fixed": {
			"rotation": [0, 0, 45],
			"translation": [-0.25, 0.25, 0],
			"scale": [0.55, 0.55, 0.55]
		}
	}
}