{
	"format_version": "1.21.6",
	"credit": "Made with Blockbench",
	"textures": {
		"2": "item/wooden_axe",
		"particle": "item/wooden_axe"
	},
	"elements": [
		{
			"from": [7, 12, 7.1],
			"to": [9, 20.5, 7.65],
			"rotation": {"angle": 0, "axis": "y", "origin": [8, 14, 8]},
			"faces": {
				"north": {"uv": [5.5, 6.5, 6.5, 11], "texture": "#2"},
				"east": {"uv": [4, 7, 4.5, 11.5], "texture": "#2"},
				"south": {"uv": [6.5, 6.5, 7.5, 11], "texture": "#2"},
				"west": {"uv": [7.5, 5, 8, 9.5], "texture": "#2"},
				"up": {"uv": [9.5, 5, 8.5, 4.5], "texture": "#2"},
				"down": {"uv": [10, 9, 9, 9.5], "texture": "#2"}
			}
		},
		{
			"from": [6.80866, 0.03806, 7],
			"to": [8.80866, 13.03806, 9],
			"rotation": {"angle": -22.5, "axis": "z", "origin": [7.80866, 6.53806, 8]},
			"faces": {
				"north": {"uv": [4.5, 0, 5.5, 6.5], "texture": "#2"},
				"east": {"uv": [5.5, 0, 6.5, 6.5], "texture": "#2"},
				"south": {"uv": [6.5, 0, 7.5, 6.5], "texture": "#2"},
				"west": {"uv": [4.5, 6.5, 5.5, 13], "texture": "#2"},
				"up": {"uv": [10, 4.5, 9, 3.5], "texture": "#2"},
				"down": {"uv": [10, 6, 9, 7], "texture": "#2"}
			}
		},
		{
			"from": [6.70866, 3.03806, 6.9],
			"to": [8.90866, 8.03806, 9.1],
			"rotation": {"angle": -22.5, "axis": "z", "origin": [7.80866, 6.53806, 8]},
			"faces": {
				"north": {"uv": [7, 12, 8, 14.5], "texture": "#2"},
				"east": {"uv": [6, 12, 7, 14.5], "texture": "#2"},
				"south": {"uv": [9, 12, 10, 14.5], "texture": "#2"},
				"west": {"uv": [8, 12, 9, 14.5], "texture": "#2"},
				"up": {"uv": [8, 12, 7, 11], "texture": "#2"},
				"down": {"uv": [9, 11, 8, 12], "texture": "#2"}
			}
		},
		{
			"from": [3.53934, 19, 8.93934],
			"to": [8.53934, 23, 8.93934],
			"rotation": {"angle": 35, "axis": "y", "origin": [8.1, 20, 10]},
			"faces": {
				"north": {"uv": [12, 4, 14.5, 6], "texture": "#2"},
				"east": {"uv": [17, 4, 17, 6], "texture": "#2"},
				"south": {"uv": [14.5, 4, 12, 6], "texture": "#2"},
				"west": {"uv": [14, 4, 14, 6], "texture": "#2"},
				"up": {"uv": [14, 4, 14, 1], "rotation": 270, "texture": "#2"},
				"down": {"uv": [14, 1, 14, 4], "rotation": 90, "texture": "#2"}
			}
		},
		{
			"from": [9.03827, 12.11958, 7],
			"to": [10.03827, 20.21958, 9],
			"rotation": {"angle": -23.5, "axis": "z", "origin": [9.5, 20, 7.375]},
			"faces": {
				"north": {"uv": [12.5, 7, 13, 11], "texture": "#2"},
				"south": {"uv": [11, 7, 11.5, 11], "texture": "#2"},
				"up": {"uv": [11.5, 7, 11, 6], "texture": "#2"},
				"down": {"uv": [12, 6, 11.5, 7], "texture": "#2"}
			}
		},
		{
			"from": [6.06173, 8.96958, 6.9],
			"to": [7.06173, 20.21958, 9.1],
			"rotation": {"angle": 21.5, "axis": "z", "origin": [6.6, 20, 7.375]},
			"faces": {
				"north": {"uv": [11.5, 7, 11, 12.5], "texture": "#2"},
				"east": {"uv": [12.5, 7, 11.5, 12.5], "texture": "#2"},
				"south": {"uv": [13, 7, 12.5, 12.5], "texture": "#2"},
				"west": {"uv": [11, 7, 10, 12.5], "texture": "#2"},
				"up": {"uv": [11, 7, 11.5, 6], "texture": "#2"},
				"down": {"uv": [11.5, 6, 12, 7], "texture": "#2"}
			}
		},
		{
			"from": [6.416, 6.13749, 6.8],
			"to": [9.116, 7.13749, 9.2],
			"rotation": {"angle": -36, "axis": "z", "origin": [7.891, 6.63749, 8]},
			"faces": {
				"north": {"uv": [11.5, 7, 11, 8], "rotation": 90, "texture": "#2"},
				"east": {"uv": [11.5, 6, 12, 7], "rotation": 270, "texture": "#2"},
				"south": {"uv": [13, 7, 12.5, 8], "rotation": 270, "texture": "#2"},
				"west": {"uv": [12, 7, 12.5, 6], "rotation": 270, "texture": "#2"},
				"up": {"uv": [12.5, 7, 11.5, 8], "rotation": 270, "texture": "#2"},
				"down": {"uv": [11, 7, 10, 8], "rotation": 270, "texture": "#2"}
			}
		},
		{
			"from": [5.516, 3.86251, 6.8],
			"to": [8.316, 4.86251, 9.2],
			"rotation": {"angle": -1.5, "axis": "z", "origin": [6.991, 4.36251, 8]},
			"faces": {
				"north": {"uv": [11.5, 7, 11, 8], "rotation": 270, "texture": "#2"},
				"east": {"uv": [11, 7, 11.5, 6], "rotation": 90, "texture": "#2"},
				"south": {"uv": [13, 7, 12.5, 8], "rotation": 90, "texture": "#2"},
				"west": {"uv": [12.5, 6, 13, 7], "rotation": 90, "texture": "#2"},
				"up": {"uv": [11, 7, 10, 8], "rotation": 90, "texture": "#2"},
				"down": {"uv": [12.5, 7, 11.5, 8], "rotation": 90, "texture": "#2"}
			}
		},
		{
			"from": [7, 7.15, 7.1],
			"to": [9, 12, 8.9],
			"rotation": {"angle": 0, "axis": "y", "origin": [8, 5.5, 8]},
			"faces": {
				"north": {"uv": [2, 7, 3, 9.5], "texture": "#2"},
				"east": {"uv": [3, 7, 4, 9.5], "texture": "#2"},
				"south": {"uv": [7.5, 0, 8.5, 2.5], "texture": "#2"},
				"west": {"uv": [7.5, 2.5, 8.5, 5], "texture": "#2"},
				"up": {"uv": [10, 8, 9, 7], "texture": "#2"},
				"down": {"uv": [10, 8, 9, 9], "texture": "#2"}
			}
		},
		{
			"from": [7, 12, 8.35],
			"to": [9, 20.5, 8.9],
			"rotation": {"angle": 0, "axis": "y", "origin": [8, 14, 8]},
			"faces": {
				"north": {"uv": [0, 7, 1, 11.5], "texture": "#2"},
				"east": {"uv": [8, 6, 8.5, 10.5], "texture": "#2"},
				"south": {"uv": [1, 7, 2, 11.5], "texture": "#2"},
				"west": {"uv": [8.5, 0, 9, 4.5], "texture": "#2"},
				"up": {"uv": [10.5, 0.5, 9.5, 0], "texture": "#2"},
				"down": {"uv": [10.5, 0.5, 9.5, 1], "texture": "#2"}
			}
		},
		{
			"from": [5, 13, 7.6],
			"to": [10, 20, 8.4],
			"rotation": {"angle": 0, "axis": "y", "origin": [8, 14, 8]},
			"faces": {
				"north": {"uv": [0, 0, 2.5, 4.5], "texture": "#2"},
				"east": {"uv": [2.5, 0, 3, 4.475], "texture": "#2"},
				"south": {"uv": [0, 0, 2.5, 4.5], "texture": "#2"},
				"west": {"uv": [9, 0, 9.5, 3.5], "texture": "#2"},
				"up": {"uv": [12.5, 5.5, 8, 5], "texture": "#2"},
				"down": {"uv": [12.5, 5.5, 8, 6], "texture": "#2"}
			}
		},
		{
			"from": [10, 12.75, 7.85],
			"to": [15, 20.5, 8.15],
			"rotation": {"angle": 0, "axis": "y", "origin": [8, 14, 8]},
			"faces": {
				"north": {"uv": [10.5, 0, 13, 3.875], "texture": "#2"},
				"east": {"uv": [8.5, 6, 9, 9.5], "texture": "#2"},
				"south": {"uv": [13, 0, 10.5, 3.875], "texture": "#2"},
				"west": {"uv": [9, 0, 9.5, 3.5], "texture": "#2"},
				"up": {"uv": [12.5, 5.5, 8, 5], "texture": "#2"},
				"down": {"uv": [12.5, 5.5, 8, 6], "texture": "#2"}
			}
		}
	],
	"gui_light": "front",
	"display": {
		"thirdperson_righthand": {
			"rotation": [19, 90, 0],
			"translation": [-0.25, 0, 2],
			"scale": [0.73, 0.73, 0.73]
		},
		"thirdperson_lefthand": {
			"rotation": [19, -90, 0],
			"translation": [-0.25, 0, 2],
			"scale": [0.73, 0.73, 0.73]
		},
		"firstperson_righthand": {
			"rotation": [-3, 90, 0],
			"translation": [1.5, -1.75, 2],
			"scale": [0.73, 0.73, 0.73]
		},
		"firstperson_lefthand": {
			"rotation": [-3, -90, 0],
			"translation": [1.5, -1.75, 2],
			"scale": [0.73, 0.73, 0.73]
		},
		"ground": {
			"translation": [0, 1.25, 0],
			"scale": [0.5, 0.5, 0.5]
		},
		"gui": {
			"rotation": [0, -180, 60],
			"translation": [-2.75, -2.75, 0]
		},
		"fixed": {
			"rotation": [0, 0, 60],
			"translation": [3, -2.75, 0]
		}
	}
}