{
	"format_version": "1.21.6",
	"credit": "Made with Blockbench",
	"textures": {
		"1": "item/wooden_sword",
		"particle": "item/wooden_sword"
	},
	"elements": [
		{
			"from": [7, 0, 7],
			"to": [9, 10, 9],
			"rotation": {"angle": 0, "axis": "y", "origin": [7, 0, 7]},
			"faces": {
				"north": {"uv": [2, 0, 3, 5], "texture": "#1"},
				"east": {"uv": [3, 0, 4, 5], "texture": "#1"},
				"south": {"uv": [4, 0, 5, 5], "texture": "#1"},
				"west": {"uv": [5, 0, 6, 5], "texture": "#1"},
				"up": {"uv": [4, 7, 3, 6], "texture": "#1"},
				"down": {"uv": [7, 3, 6, 4], "texture": "#1"}
			}
		},
		{
			"from": [6.85, 2, 6.85],
			"to": [9.15, 6.7, 9.15],
			"rotation": {"angle": 0, "axis": "y", "origin": [7, 0, 7]},
			"faces": {
				"north": {"uv": [4, 8.5, 5, 10.5], "texture": "#1"},
				"east": {"uv": [3, 8.5, 4, 10.5], "texture": "#1"},
				"south": {"uv": [6, 8.5, 7, 10.5], "texture": "#1"},
				"west": {"uv": [5, 8.5, 6, 10.5], "texture": "#1"},
				"up": {"uv": [5, 8.5, 4, 7.5], "texture": "#1"},
				"down": {"uv": [6, 7.5, 5, 8.5], "texture": "#1"}
			}
		},
		{
			"from": [6.75, 8.95219, 5.79834],
			"to": [9.25, 9.95219, 10.99834],
			"rotation": {"angle": -40, "axis": "x", "origin": [8, 9.45219, 8.19834]},
			"faces": {
				"north": {"uv": [7, 11, 8, 11.5], "texture": "#1"},
				"east": {"uv": [4.5, 11, 7, 11.5], "texture": "#1"},
				"south": {"uv": [10.5, 11, 11.5, 11.5], "texture": "#1"},
				"west": {"uv": [8, 11, 10.5, 11.5], "texture": "#1"},
				"up": {"uv": [8, 11, 7, 8.5], "texture": "#1"},
				"down": {"uv": [9, 8.5, 8, 11], "texture": "#1"}
			}
		},
		{
			"from": [6.95, 5.24522, 5.24666],
			"to": [9.05, 11.34522, 6.24666],
			"rotation": {"angle": -42, "axis": "x", "origin": [8, 11.20219, 5.80166]},
			"faces": {
				"north": {"uv": [8, 5.5, 9, 8.5], "texture": "#1"},
				"east": {"uv": [7.5, 5.5, 8, 8.5], "texture": "#1"},
				"south": {"uv": [9.5, 5.5, 10.5, 8.5], "texture": "#1"},
				"west": {"uv": [9, 5.5, 9.5, 8.5], "texture": "#1"},
				"up": {"uv": [9, 5.5, 8, 5], "texture": "#1"},
				"down": {"uv": [10, 5, 9, 5.5], "texture": "#1"}
			}
		},
		{
			"from": [8.25, 10, 7],
			"to": [9, 12, 9],
			"rotation": {"angle": 0, "axis": "y", "origin": [7, 0, 7]},
			"faces": {
				"north": {"uv": [2, 0, 2.5, 1], "texture": "#1"},
				"east": {"uv": [3, 0, 4, 1], "texture": "#1"},
				"south": {"uv": [4.5, 0, 5, 1], "texture": "#1"},
				"west": {"uv": [5, 0, 6, 1], "texture": "#1"},
				"up": {"uv": [4, 7, 3, 6], "texture": "#1"},
				"down": {"uv": [7, 3, 6, 4], "texture": "#1"}
			}
		},
		{
			"from": [7, 10, 7],
			"to": [7.75, 12, 9],
			"rotation": {"angle": 0, "axis": "y", "origin": [7, 0, 7]},
			"faces": {
				"north": {"uv": [2, 0, 2.5, 1], "texture": "#1"},
				"east": {"uv": [3, 0, 4, 1], "texture": "#1"},
				"south": {"uv": [4, 0, 4.5, 1], "texture": "#1"},
				"west": {"uv": [5, 0, 6, 1], "texture": "#1"},
				"up": {"uv": [4, 7, 3, 6], "texture": "#1"},
				"down": {"uv": [7, 3, 6, 4], "texture": "#1"}
			}
		},
		{
			"from": [7.75, 10, 6],
			"to": [8.25, 28, 10],
			"rotation": {"angle": 0, "axis": "y", "origin": [7, 0, 7]},
			"faces": {
				"north": {"uv": [2, 5, 2.5, 12.5], "texture": "#1"},
				"east": {"uv": [0, 0, 2, 9], "texture": "#1"},
				"south": {"uv": [2.5, 5, 3, 12.5], "texture": "#1"},
				"west": {"uv": [0, 0, 2, 9], "texture": "#1"},
				"up": {"uv": [3.5, 8, 3, 7], "texture": "#1"},
				"down": {"uv": [4, 7, 3.5, 8], "texture": "#1"}
			}
		},
		{
			"from": [7.25, 7.1, 9],
			"to": [8.75, 8.9, 12],
			"rotation": {"angle": 0, "axis": "y", "origin": [7, 0, 7]},
			"faces": {
				"north": {"uv": [4, 6, 5, 7], "texture": "#1"},
				"east": {"uv": [3, 5, 4.5, 6], "texture": "#1"},
				"south": {"uv": [6, 4, 7, 5], "texture": "#1"},
				"west": {"uv": [4.5, 5, 6, 6], "texture": "#1"},
				"up": {"uv": [7, 1.5, 6, 0], "texture": "#1"},
				"down": {"uv": [7, 1.5, 6, 3], "texture": "#1"}
			}
		},
		{
			"from": [7.5, 8.35, 4],
			"to": [8.5, 9.65, 7],
			"rotation": {"angle": 0, "axis": "y", "origin": [9, 1, 9]},
			"faces": {
				"north": {"uv": [7, 4, 7.5, 4.5], "texture": "#1"},
				"east": {"uv": [6, 6.5, 7.5, 7], "texture": "#1"},
				"south": {"uv": [4.5, 7, 5, 7.5], "texture": "#1"},
				"west": {"uv": [7, 0, 8.5, 0.5], "texture": "#1"},
				"up": {"uv": [7.5, 2, 7, 0.5], "texture": "#1"},
				"down": {"uv": [7.5, 2, 7, 3.5], "texture": "#1"}
			}
		},
		{
			"from": [8, 8.35, 1],
			"to": [8, 11.65, 4],
			"rotation": {"angle": 0, "axis": "y", "origin": [9, 1, 9]},
			"faces": {
				"north": {"uv": [7, 4, 7.5, 4.5], "texture": "#1"},
				"east": {"uv": [9, 8.5, 10.5, 10.15], "texture": "#1"},
				"south": {"uv": [4.5, 7, 5, 7.5], "texture": "#1"},
				"west": {"uv": [10.5, 8.5, 9, 10.15], "texture": "#1"},
				"up": {"uv": [7.5, 2, 7, 0.5], "texture": "#1"},
				"down": {"uv": [7.5, 2, 7, 3.5], "texture": "#1"}
			}
		},
		{
			"from": [7.5, 7.35, 12],
			"to": [8.5, 10.65, 13],
			"rotation": {"angle": 0, "axis": "y", "origin": [7, 0, 7]},
			"faces": {
				"north": {"uv": [5, 6, 5.5, 7.5], "texture": "#1"},
				"east": {"uv": [6, 5, 6.5, 6.5], "texture": "#1"},
				"south": {"uv": [5.5, 6, 6, 7.5], "texture": "#1"},
				"west": {"uv": [6.5, 5, 7, 6.5], "texture": "#1"},
				"up": {"uv": [7.5, 4, 7, 3.5], "texture": "#1"},
				"down": {"uv": [4.5, 7, 4, 7.5], "texture": "#1"}
			}
		}
	],
	"gui_light": "front",
	"display": {
		"thirdperson_righthand": {
			"translation": [0, 1, 1.5],
			"scale": [0.73, 0.73, 0.73]
		},
		"thirdperson_lefthand": {
			"translation": [0, 1.5, 1.5]
		},
		"firstperson_righthand": {
			"translation": [4, 0, 0],
			"scale": [0.73, 0.73, 0.73]
		},
		"firstperson_lefthand": {
			"translation": [4, 0, 0],
			"scale": [0.73, 0.73, 0.73]
		},
		"ground": {
			"translation": [0, 1.25, 0],
			"scale": [0.5, 0.5, 0.5]
		},
		"gui": {
			"rotation": [-90, -43.25, -90],
			"translation": [-3.5, -3.25, 0],
			"scale": [0.72, 0.72, 0.72]
		},
		"fixed": {
			"rotation": [90, -45, 90],
			"translation": [3.5, -3.25, 0]
		}
	}
}