{
	"format_version": "1.21.6",
	"credit": "Made with Blockbench",
	"textures": {
		"2": "item/wooden_axe",
		"particle": "item/wooden_axe"
	},
	"elements": [
		{
			"from": [7, 18, 7.1],
			"to": [9, 20.5, 7.65],
			"rotation": {"angle": 0, "axis": "y", "origin": [8, 14, 8]},
			"faces": {
				"north": {"uv": [5.5, 6.5, 6.5, 8], "texture": "#2"},
				"east": {"uv": [6.5, 1.5, 7, 3], "texture": "#2"},
				"south": {"uv": [1.5, 1.5, 2.5, 3], "texture": "#2"},
				"west": {"uv": [6.5, 1.5, 7, 3], "texture": "#2"},
				"up": {"uv": [9.5, 5, 8.5, 4.5], "texture": "#2"},
				"down": {"uv": [10, 9, 9, 9.5], "texture": "#2"}
			}
		},
		{
			"from": [7.5, 19.25, 6.225],
			"to": [8.5, 20.25, 9.775],
			"rotation": {"angle": 0, "axis": "y", "origin": [8, 14.5, 8.125]},
			"faces": {
				"north": {"uv": [2.5, 1, 3, 1.5], "texture": "#2"},
				"east": {"uv": [1, 0, 2.5, 0.5], "texture": "#2"},
				"south": {"uv": [6.5, 6.5, 7.5, 11], "texture": "#2"},
				"west": {"uv": [1, 0, 2.5, 0.5], "texture": "#2"},
				"up": {"uv": [2, 1.5, 1.5, 0], "texture": "#2"},
				"down": {"uv": [2, 0, 1.5, 1.5], "texture": "#2"}
			}
		},
		{
			"from": [7, 0.15, 7.1],
			"to": [9, 18, 8.9],
			"rotation": {"angle": 0, "axis": "y", "origin": [8, 5.5, 8]},
			"faces": {
				"north": {"uv": [5.5, 0, 6.5, 9], "texture": "#2"},
				"east": {"uv": [5.5, 9, 6.5, 0], "texture": "#2"},
				"south": {"uv": [5.5, 0, 6.5, 9], "texture": "#2"},
				"west": {"uv": [5.5, 9, 6.5, 0], "texture": "#2"},
				"up": {"uv": [10, 7, 9, 6], "texture": "#2"},
				"down": {"uv": [10, 6, 9, 7], "texture": "#2"}
			}
		},
		{
			"from": [7.75, 16.15, 7.35],
			"to": [9.25, 20, 8.65],
			"rotation": {"angle": -37.5, "axis": "z", "origin": [8.5, 16.5, 8]},
			"faces": {
				"north": {"uv": [5.5, 0, 6.5, 2.5], "texture": "#2"},
				"east": {"uv": [5.5, 2.5, 6.5, 0], "texture": "#2"},
				"south": {"uv": [5.5, 0, 6.5, 2.5], "texture": "#2"},
				"west": {"uv": [5.5, 2.5, 6.5, 0], "texture": "#2"},
				"up": {"uv": [10, 7, 9, 6], "texture": "#2"},
				"down": {"uv": [10, 6, 9, 7], "texture": "#2"}
			}
		},
		{
			"from": [6.15, -1.25, 7.35],
			"to": [10, 0.25, 8.65],
			"rotation": {"angle": 0, "axis": "z", "origin": [6.5, -0.5, 8]},
			"faces": {
				"north": {"uv": [5.5, 0, 6.5, 2.5], "rotation": 270, "texture": "#2"},
				"east": {"uv": [10, 7, 9, 6], "rotation": 90, "texture": "#2"},
				"south": {"uv": [5.5, 0, 6.5, 2.5], "rotation": 90, "texture": "#2"},
				"west": {"uv": [10, 6, 9, 7], "rotation": 90, "texture": "#2"},
				"up": {"uv": [5.5, 2.5, 6.5, 0], "rotation": 90, "texture": "#2"},
				"down": {"uv": [5.5, 2.5, 6.5, 0], "rotation": 90, "texture": "#2"}
			}
		},
		{
			"from": [4.05106, 11.19917, 7.35],
			"to": [5.55106, 19.04917, 8.65],
			"rotation": {"angle": 22.5, "axis": "z", "origin": [4.75, 19, 8]},
			"faces": {
				"north": {"uv": [6.5, 6, 5.5, 0], "texture": "#2"},
				"east": {"uv": [6.5, 0, 5.5, 6], "texture": "#2"},
				"south": {"uv": [6.5, 6, 5.5, 0], "texture": "#2"},
				"west": {"uv": [6.5, 0, 5.5, 6], "texture": "#2"},
				"up": {"uv": [9, 7, 10, 6], "texture": "#2"},
				"down": {"uv": [9, 6, 10, 7], "texture": "#2"}
			}
		},
		{
			"from": [6.516, 4.86251, 6.8],
			"to": [9.316, 5.86251, 9.2],
			"rotation": {"angle": -1.5, "axis": "z", "origin": [7.991, 5.36251, 8]},
			"faces": {
				"north": {"uv": [11, 8, 11.5, 7], "rotation": 270, "texture": "#2"},
				"east": {"uv": [11, 7, 11.5, 6], "rotation": 90, "texture": "#2"},
				"south": {"uv": [11.5, 8, 11, 7], "rotation": 90, "texture": "#2"},
				"west": {"uv": [11.5, 6, 12, 7], "rotation": 90, "texture": "#2"},
				"up": {"uv": [11, 7, 10, 8], "rotation": 90, "texture": "#2"},
				"down": {"uv": [12.5, 7, 11.5, 8], "rotation": 90, "texture": "#2"}
			}
		},
		{
			"from": [6.11469, 6.31483, 6.8],
			"to": [9.56469, 7.31483, 9.2],
			"rotation": {"angle": -23.5, "axis": "z", "origin": [9.391, 6.88749, 8]},
			"faces": {
				"north": {"uv": [11.5, 7, 11, 8], "rotation": 90, "texture": "#2"},
				"east": {"uv": [11.5, 6, 12, 7], "rotation": 270, "texture": "#2"},
				"south": {"uv": [11.5, 7, 11, 8], "rotation": 270, "texture": "#2"},
				"west": {"uv": [11, 7, 11.5, 6], "rotation": 270, "texture": "#2"},
				"up": {"uv": [12.5, 7, 11.5, 8], "rotation": 270, "texture": "#2"},
				"down": {"uv": [11, 7, 10, 8], "rotation": 270, "texture": "#2"}
			}
		},
		{
			"from": [6.19795, -1.08545, 6.95],
			"to": [9.64795, -0.08545, 9.05],
			"rotation": {"angle": -41, "axis": "z", "origin": [7.991, -0.61251, 8]},
			"faces": {
				"north": {"uv": [11.5, 7, 11, 8], "rotation": 90, "texture": "#2"},
				"east": {"uv": [11.5, 6, 12, 7], "rotation": 270, "texture": "#2"},
				"south": {"uv": [11.5, 7, 11, 8], "rotation": 270, "texture": "#2"},
				"west": {"uv": [11, 7, 11.5, 6], "rotation": 270, "texture": "#2"},
				"up": {"uv": [12.5, 7, 11.5, 8], "rotation": 270, "texture": "#2"},
				"down": {"uv": [11, 7, 10, 8], "rotation": 270, "texture": "#2"}
			}
		},
		{
			"from": [6.35205, -1.08545, 7.05],
			"to": [9.80205, -0.08545, 8.95],
			"rotation": {"angle": 41, "axis": "z", "origin": [8.009, -0.61251, 8]},
			"faces": {
				"north": {"uv": [11.5, 8, 11, 7], "rotation": 90, "texture": "#2"},
				"east": {"uv": [11, 6, 11.5, 7], "rotation": 270, "texture": "#2"},
				"south": {"uv": [11.5, 8, 11, 7], "rotation": 270, "texture": "#2"},
				"west": {"uv": [11.5, 7, 12, 6], "rotation": 270, "texture": "#2"},
				"up": {"uv": [12.5, 8, 11.5, 7], "rotation": 270, "texture": "#2"},
				"down": {"uv": [11, 8, 10, 7], "rotation": 270, "texture": "#2"}
			}
		},
		{
			"from": [6.75, 4.15, 6.85],
			"to": [9.25, 9, 9.15],
			"rotation": {"angle": 0, "axis": "y", "origin": [8, 5.5, 8]},
			"faces": {
				"north": {"uv": [7, 12, 8, 14.5], "texture": "#2"},
				"east": {"uv": [6, 14.5, 7, 12], "texture": "#2"},
				"south": {"uv": [7, 12, 8, 14.5], "texture": "#2"},
				"west": {"uv": [6, 14.5, 7, 12], "texture": "#2"}
			}
		},
		{
			"from": [7, 18, 8.35],
			"to": [9, 20.5, 8.9],
			"rotation": {"angle": 0, "axis": "y", "origin": [8, 14, 8]},
			"faces": {
				"north": {"uv": [1.5, 1.5, 2.5, 3], "texture": "#2"},
				"east": {"uv": [7, 1.5, 7.5, 3], "texture": "#2"},
				"south": {"uv": [5.5, 6.5, 6.5, 8], "texture": "#2"},
				"west": {"uv": [7, 1.5, 7.5, 3], "texture": "#2"},
				"up": {"uv": [10.5, 0.5, 9.5, 0], "texture": "#2"},
				"down": {"uv": [10.5, 0.5, 9.5, 1], "texture": "#2"}
			}
		},
		{
			"from": [4.45, 19, 7.85],
			"to": [11.45, 26, 8.15],
			"rotation": {"angle": 0, "axis": "z", "origin": [10.95, 19, 8]},
			"faces": {
				"north": {"uv": [10.5, 0, 13, 3.875], "rotation": 90, "texture": "#2"},
				"east": {"uv": [12.5, 5.5, 8, 6], "rotation": 270, "texture": "#2"},
				"south": {"uv": [13, 0, 10.5, 3.875], "rotation": 270, "texture": "#2"},
				"west": {"uv": [12.5, 5.5, 8, 5], "rotation": 270, "texture": "#2"},
				"up": {"uv": [8.5, 6, 9, 9.5], "rotation": 270, "texture": "#2"},
				"down": {"uv": [9, 0, 9.5, 3.5], "rotation": 270, "texture": "#2"}
			}
		}
	],
	"gui_light": "front",
	"display": {
		"thirdperson_righthand": {
			"rotation": [0, 90, 0],
			"translation": [-0.25, -0.5, 1.75],
			"scale": [0.73, 0.73, 0.73]
		},
		"thirdperson_lefthand": {
			"rotation": [0, 90, 0],
			"translation": [-0.25, -0.5, 1.75]
		},
		"firstperson_righthand": {
			"rotation": [0, -90, 0],
			"translation": [1.75, -4.5, 0],
			"scale": [0.73, 0.73, 0.73]
		},
		"firstperson_lefthand": {
			"rotation": [0, -90, 0],
			"translation": [1.75, -4.5, 0],
			"scale": [0.73, 0.73, 0.73]
		},
		"ground": {
			"translation": [0, 1.25, 0],
			"scale": [0.5, 0.5, 0.5]
		},
		"gui": {
			"rotation": [0, 0, -45],
			"translation": [-2.75, -1.75, 0],
			"scale": [0.82, 0.82, 0.82]
		},
		"fixed": {
			"rotation": [0, 0, 45],
			"translation": [2.75, -2.75, 0]
		}
	}
}